image_path,full_latency_ms
/home/itk/Desktop/Andreas/AWAS-Project/AFTI_PMID_SINGLE_CLASS_TESTING_backup_20250215_134318/val/images/gunnerus_vertikal_2_ny_131.jpg,53.308
/home/itk/Desktop/Andreas/AWAS-Project/AFTI_PMID_SINGLE_CLASS_TESTING_backup_20250215_134318/val/images/gunnerus_vertikal_2_ny_133.jpg,54.597
/home/itk/Desktop/Andreas/AWAS-Project/AFTI_PMID_SINGLE_CLASS_TESTING_backup_20250215_134318/val/images/gunnerus_vertikal_2_ny_134.jpg,53.381
/home/itk/Desktop/Andreas/AWAS-Project/AFTI_PMID_SINGLE_CLASS_TESTING_backup_20250215_134318/val/images/gunnerus_vertikal_2_ny_135.jpg,53.970
/home/itk/Desktop/Andreas/AWAS-Project/AFTI_PMID_SINGLE_CLASS_TESTING_backup_20250215_134318/val/images/gunnerus_vertikal_2_ny_137.jpg,54.015
/home/itk/Desktop/Andreas/AWAS-Project/AFTI_PMID_SINGLE_CLASS_TESTING_backup_20250215_134318/val/images/gunnerus_vertikal_2_ny_156.jpg,53.620
/home/itk/Desktop/Andreas/AWAS-Project/AFTI_PMID_SINGLE_CLASS_TESTING_backup_20250215_134318/val/images/gunnerus_vertikal_2_ny_169.jpg,53.616
/home/itk/Desktop/Andreas/AWAS-Project/AFTI_PMID_SINGLE_CLASS_TESTING_backup_20250215_134318/val/images/gunnerus_vertikal_2_ny_170.jpg,53.305
/home/itk/Desktop/Andreas/AWAS-Project/AFTI_PMID_SINGLE_CLASS_TESTING_backup_20250215_134318/val/images/gunnerus_vertikal_2_ny_171.jpg,53.593
/home/itk/Desktop/Andreas/AWAS-Project/AFTI_PMID_SINGLE_CLASS_TESTING_backup_20250215_134318/val/images/gunnerus_vertikal_2_ny_172.jpg,53.798
/home/itk/Desktop/Andreas/AWAS-Project/AFTI_PMID_SINGLE_CLASS_TESTING_backup_20250215_134318/val/images/gunnerus_vertikal_2_ny_201.jpg,53.190
/home/itk/Desktop/Andreas/AWAS-Project/AFTI_PMID_SINGLE_CLASS_TESTING_backup_20250215_134318/val/images/gunnerus_vertikal_2_ny_203.jpg,53.240
/home/itk/Desktop/Andreas/AWAS-Project/AFTI_PMID_SINGLE_CLASS_TESTING_backup_20250215_134318/val/images/gunnerus_vertikal_2_ny_209.jpg,54.504
/home/itk/Desktop/Andreas/AWAS-Project/AFTI_PMID_SINGLE_CLASS_TESTING_backup_20250215_134318/val/images/gunnerus_vertikal_2_ny_210.jpg,55.229
/home/itk/Desktop/Andreas/AWAS-Project/AFTI_PMID_SINGLE_CLASS_TESTING_backup_20250215_134318/val/images/gunnerus_vertikal_2_ny_25.jpg,53.554
/home/itk/Desktop/Andreas/AWAS-Project/AFTI_PMID_SINGLE_CLASS_TESTING_backup_20250215_134318/val/images/gunnerus_vertikal_2_ny_278.jpg,53.192
/home/itk/Desktop/Andreas/AWAS-Project/AFTI_PMID_SINGLE_CLASS_TESTING_backup_20250215_134318/val/images/gunnerus_vertikal_2_ny_28.jpg,53.174
/home/itk/Desktop/Andreas/AWAS-Project/AFTI_PMID_SINGLE_CLASS_TESTING_backup_20250215_134318/val/images/gunnerus_vertikal_2_ny_282.jpg,53.252
/home/itk/Desktop/Andreas/AWAS-Project/AFTI_PMID_SINGLE_CLASS_TESTING_backup_20250215_134318/val/images/gunnerus_vertikal_2_ny_299.jpg,53.074
/home/itk/Desktop/Andreas/AWAS-Project/AFTI_PMID_SINGLE_CLASS_TESTING_backup_20250215_134318/val/images/gunnerus_vertikal_2_ny_302.jpg,53.228
/home/itk/Desktop/Andreas/AWAS-Project/AFTI_PMID_SINGLE_CLASS_TESTING_backup_20250215_134318/val/images/gunnerus_vertikal_2_ny_303.jpg,53.170
/home/itk/Desktop/Andreas/AWAS-Project/AFTI_PMID_SINGLE_CLASS_TESTING_backup_20250215_134318/val/images/gunnerus_vertikal_2_ny_304.jpg,53.202
/home/itk/Desktop/Andreas/AWAS-Project/AFTI_PMID_SINGLE_CLASS_TESTING_backup_20250215_134318/val/images/gunnerus_vertikal_2_ny_309.jpg,53.095
/home/itk/Desktop/Andreas/AWAS-Project/AFTI_PMID_SINGLE_CLASS_TESTING_backup_20250215_134318/val/images/gunnerus_vertikal_2_ny_31.jpg,53.257
/home/itk/Desktop/Andreas/AWAS-Project/AFTI_PMID_SINGLE_CLASS_TESTING_backup_20250215_134318/val/images/gunnerus_vertikal_2_ny_328.jpg,53.099
/home/itk/Desktop/Andreas/AWAS-Project/AFTI_PMID_SINGLE_CLASS_TESTING_backup_20250215_134318/val/images/gunnerus_vertikal_2_ny_39.jpg,53.184
/home/itk/Desktop/Andreas/AWAS-Project/AFTI_PMID_SINGLE_CLASS_TESTING_backup_20250215_134318/val/images/gunnerus_vertikal_2_ny_394.jpg,53.057
/home/itk/Desktop/Andreas/AWAS-Project/AFTI_PMID_SINGLE_CLASS_TESTING_backup_20250215_134318/val/images/gunnerus_vertikal_2_ny_40.jpg,53.206
/home/itk/Desktop/Andreas/AWAS-Project/AFTI_PMID_SINGLE_CLASS_TESTING_backup_20250215_134318/val/images/gunnerus_vertikal_2_ny_41.jpg,53.125
/home/itk/Desktop/Andreas/AWAS-Project/AFTI_PMID_SINGLE_CLASS_TESTING_backup_20250215_134318/val/images/gunnerus_vertikal_2_ny_431.jpg,53.861
/home/itk/Desktop/Andreas/AWAS-Project/AFTI_PMID_SINGLE_CLASS_TESTING_backup_20250215_134318/val/images/gunnerus_vertikal_2_ny_449.jpg,53.169
/home/itk/Desktop/Andreas/AWAS-Project/AFTI_PMID_SINGLE_CLASS_TESTING_backup_20250215_134318/val/images/gunnerus_vertikal_2_ny_50.jpg,53.186
/home/itk/Desktop/Andreas/AWAS-Project/AFTI_PMID_SINGLE_CLASS_TESTING_backup_20250215_134318/val/images/gunnerus_vertikal_2_ny_511.jpg,53.090
/home/itk/Desktop/Andreas/AWAS-Project/AFTI_PMID_SINGLE_CLASS_TESTING_backup_20250215_134318/val/images/gunnerus_vertikal_2_ny_58.jpg,53.517
/home/itk/Desktop/Andreas/AWAS-Project/AFTI_PMID_SINGLE_CLASS_TESTING_backup_20250215_134318/val/images/gunnerus_vertikal_2_ny_70.jpg,53.065
/home/itk/Desktop/Andreas/AWAS-Project/AFTI_PMID_SINGLE_CLASS_TESTING_backup_20250215_134318/val/images/gunnerus_vertikal_2_ny_78.jpg,53.107
/home/itk/Desktop/Andreas/AWAS-Project/AFTI_PMID_SINGLE_CLASS_TESTING_backup_20250215_134318/val/images/gunnerus_vertikal_2_ny_79.jpg,53.909
/home/itk/Desktop/Andreas/AWAS-Project/AFTI_PMID_SINGLE_CLASS_TESTING_backup_20250215_134318/val/images/gunnerus_vertikal_2_ny_87.jpg,53.235
/home/itk/Desktop/Andreas/AWAS-Project/AFTI_PMID_SINGLE_CLASS_TESTING_backup_20250215_134318/val/images/gunnerus_vertikal_2_ny_91.jpg,53.163
/home/itk/Desktop/Andreas/AWAS-Project/AFTI_PMID_SINGLE_CLASS_TESTING_backup_20250215_134318/val/images/gunnerushorisontal2_11.jpg,53.227
/home/itk/Desktop/Andreas/AWAS-Project/AFTI_PMID_SINGLE_CLASS_TESTING_backup_20250215_134318/val/images/gunnerushorisontal2_14.jpg,53.155
/home/itk/Desktop/Andreas/AWAS-Project/AFTI_PMID_SINGLE_CLASS_TESTING_backup_20250215_134318/val/images/gunnerushorisontal2_16.jpg,53.172
/home/itk/Desktop/Andreas/AWAS-Project/AFTI_PMID_SINGLE_CLASS_TESTING_backup_20250215_134318/val/images/gunnerushorisontal2_17.jpg,53.057
/home/itk/Desktop/Andreas/AWAS-Project/AFTI_PMID_SINGLE_CLASS_TESTING_backup_20250215_134318/val/images/gunnerushorisontal2_18.jpg,53.027
/home/itk/Desktop/Andreas/AWAS-Project/AFTI_PMID_SINGLE_CLASS_TESTING_backup_20250215_134318/val/images/gunnerushorisontal2_19.jpg,53.063
/home/itk/Desktop/Andreas/AWAS-Project/AFTI_PMID_SINGLE_CLASS_TESTING_backup_20250215_134318/val/images/gunnerushorisontal2_25.jpg,53.124
/home/itk/Desktop/Andreas/AWAS-Project/AFTI_PMID_SINGLE_CLASS_TESTING_backup_20250215_134318/val/images/gunnerushorisontal2_26.jpg,53.059
/home/itk/Desktop/Andreas/AWAS-Project/AFTI_PMID_SINGLE_CLASS_TESTING_backup_20250215_134318/val/images/gunnerushorisontal2_29.jpg,53.125
/home/itk/Desktop/Andreas/AWAS-Project/AFTI_PMID_SINGLE_CLASS_TESTING_backup_20250215_134318/val/images/gunnerushorisontal2_35.jpg,53.149
/home/itk/Desktop/Andreas/AWAS-Project/AFTI_PMID_SINGLE_CLASS_TESTING_backup_20250215_134318/val/images/gunnerushorisontal2_36.jpg,53.202
/home/itk/Desktop/Andreas/AWAS-Project/AFTI_PMID_SINGLE_CLASS_TESTING_backup_20250215_134318/val/images/gunnerushorisontal2_37.jpg,53.103
/home/itk/Desktop/Andreas/AWAS-Project/AFTI_PMID_SINGLE_CLASS_TESTING_backup_20250215_134318/val/images/gunnerushorisontal2_39.jpg,53.159
/home/itk/Desktop/Andreas/AWAS-Project/AFTI_PMID_SINGLE_CLASS_TESTING_backup_20250215_134318/val/images/gunnerushorisontal2_45.jpg,53.074
/home/itk/Desktop/Andreas/AWAS-Project/AFTI_PMID_SINGLE_CLASS_TESTING_backup_20250215_134318/val/images/gunnerushorisontal2_48.jpg,53.262
/home/itk/Desktop/Andreas/AWAS-Project/AFTI_PMID_SINGLE_CLASS_TESTING_backup_20250215_134318/val/images/gunnerushorisontal2_5.jpg,53.468
/home/itk/Desktop/Andreas/AWAS-Project/AFTI_PMID_SINGLE_CLASS_TESTING_backup_20250215_134318/val/images/gunnerushorisontal2_50.jpg,53.125
/home/itk/Desktop/Andreas/AWAS-Project/AFTI_PMID_SINGLE_CLASS_TESTING_backup_20250215_134318/val/images/gunnerushorisontal2_59.jpg,53.135
/home/itk/Desktop/Andreas/AWAS-Project/AFTI_PMID_SINGLE_CLASS_TESTING_backup_20250215_134318/val/images/gunnerushorisontal2_66.jpg,53.066
/home/itk/Desktop/Andreas/AWAS-Project/AFTI_PMID_SINGLE_CLASS_TESTING_backup_20250215_134318/val/images/gunnerushorisontal2_75.jpg,53.098
/home/itk/Desktop/Andreas/AWAS-Project/AFTI_PMID_SINGLE_CLASS_TESTING_backup_20250215_134318/val/images/gunnerushorisontal2_77.jpg,53.156
/home/itk/Desktop/Andreas/AWAS-Project/AFTI_PMID_SINGLE_CLASS_TESTING_backup_20250215_134318/val/images/gunnerushorisontal2_79.jpg,53.039
/home/itk/Desktop/Andreas/AWAS-Project/AFTI_PMID_SINGLE_CLASS_TESTING_backup_20250215_134318/val/images/gunnerushorisontal2_81.jpg,53.043
/home/itk/Desktop/Andreas/AWAS-Project/AFTI_PMID_SINGLE_CLASS_TESTING_backup_20250215_134318/val/images/gunnerushorisontal2_82.jpg,53.017
/home/itk/Desktop/Andreas/AWAS-Project/AFTI_PMID_SINGLE_CLASS_TESTING_backup_20250215_134318/val/images/gunnerushorisontal2_86.jpg,53.132
/home/itk/Desktop/Andreas/AWAS-Project/AFTI_PMID_SINGLE_CLASS_TESTING_backup_20250215_134318/val/images/gunnerushorisontal2_87.jpg,53.092
/home/itk/Desktop/Andreas/AWAS-Project/AFTI_PMID_SINGLE_CLASS_TESTING_backup_20250215_134318/val/images/gunnerushorisontal2_91.jpg,53.202
/home/itk/Desktop/Andreas/AWAS-Project/AFTI_PMID_SINGLE_CLASS_TESTING_backup_20250215_134318/val/images/gunnerushorisontal2_93.jpg,53.068
/home/itk/Desktop/Andreas/AWAS-Project/AFTI_PMID_SINGLE_CLASS_TESTING_backup_20250215_134318/val/images/gunnerushorisontal2_97.jpg,53.174
/home/itk/Desktop/Andreas/AWAS-Project/AFTI_PMID_SINGLE_CLASS_TESTING_backup_20250215_134318/val/images/gunnerushorisontal2_99.jpg,53.236
/home/itk/Desktop/Andreas/AWAS-Project/AFTI_PMID_SINGLE_CLASS_TESTING_backup_20250215_134318/val/images/gunnerusvertikal2_112.jpg,53.131
/home/itk/Desktop/Andreas/AWAS-Project/AFTI_PMID_SINGLE_CLASS_TESTING_backup_20250215_134318/val/images/gunnerusvertikal2_113.jpg,53.048
/home/itk/Desktop/Andreas/AWAS-Project/AFTI_PMID_SINGLE_CLASS_TESTING_backup_20250215_134318/val/images/gunnerusvertikal2_122.jpg,52.972
/home/itk/Desktop/Andreas/AWAS-Project/AFTI_PMID_SINGLE_CLASS_TESTING_backup_20250215_134318/val/images/gunnerusvertikal2_127.jpg,52.914
/home/itk/Desktop/Andreas/AWAS-Project/AFTI_PMID_SINGLE_CLASS_TESTING_backup_20250215_134318/val/images/gunnerusvertikal2_16.jpg,53.124
/home/itk/Desktop/Andreas/AWAS-Project/AFTI_PMID_SINGLE_CLASS_TESTING_backup_20250215_134318/val/images/gunnerusvertikal2_421.jpg,52.862
/home/itk/Desktop/Andreas/AWAS-Project/AFTI_PMID_SINGLE_CLASS_TESTING_backup_20250215_134318/val/images/zooplanktonhorisontal1_onsdag_12.jpg,53.097
/home/itk/Desktop/Andreas/AWAS-Project/AFTI_PMID_SINGLE_CLASS_TESTING_backup_20250215_134318/val/images/zooplanktonhoristontal2_onsdag_1.jpg,53.145
/home/itk/Desktop/Andreas/AWAS-Project/AFTI_PMID_SINGLE_CLASS_TESTING_backup_20250215_134318/val/images/zooplanktonhoristontal2_onsdag_10.jpg,53.205
/home/itk/Desktop/Andreas/AWAS-Project/AFTI_PMID_SINGLE_CLASS_TESTING_backup_20250215_134318/val/images/zooplanktonhoristontal2_onsdag_12.jpg,53.114
/home/itk/Desktop/Andreas/AWAS-Project/AFTI_PMID_SINGLE_CLASS_TESTING_backup_20250215_134318/val/images/zooplanktonhoristontal2_onsdag_139.jpg,53.107
/home/itk/Desktop/Andreas/AWAS-Project/AFTI_PMID_SINGLE_CLASS_TESTING_backup_20250215_134318/val/images/zooplanktonhoristontal2_onsdag_144.jpg,52.991
/home/itk/Desktop/Andreas/AWAS-Project/AFTI_PMID_SINGLE_CLASS_TESTING_backup_20250215_134318/val/images/zooplanktonhoristontal2_onsdag_145.jpg,53.143
/home/itk/Desktop/Andreas/AWAS-Project/AFTI_PMID_SINGLE_CLASS_TESTING_backup_20250215_134318/val/images/zooplanktonhoristontal2_onsdag_146.jpg,53.002
/home/itk/Desktop/Andreas/AWAS-Project/AFTI_PMID_SINGLE_CLASS_TESTING_backup_20250215_134318/val/images/zooplanktonhoristontal2_onsdag_18.jpg,53.224
/home/itk/Desktop/Andreas/AWAS-Project/AFTI_PMID_SINGLE_CLASS_TESTING_backup_20250215_134318/val/images/zooplanktonhoristontal2_onsdag_21.jpg,53.090
/home/itk/Desktop/Andreas/AWAS-Project/AFTI_PMID_SINGLE_CLASS_TESTING_backup_20250215_134318/val/images/zooplanktonhoristontal2_onsdag_238.jpg,53.142
/home/itk/Desktop/Andreas/AWAS-Project/AFTI_PMID_SINGLE_CLASS_TESTING_backup_20250215_134318/val/images/zooplanktonhoristontal2_onsdag_240.jpg,53.059
/home/itk/Desktop/Andreas/AWAS-Project/AFTI_PMID_SINGLE_CLASS_TESTING_backup_20250215_134318/val/images/zooplanktonhoristontal2_onsdag_241.jpg,53.124
/home/itk/Desktop/Andreas/AWAS-Project/AFTI_PMID_SINGLE_CLASS_TESTING_backup_20250215_134318/val/images/zooplanktonhoristontal2_onsdag_243.jpg,53.082
/home/itk/Desktop/Andreas/AWAS-Project/AFTI_PMID_SINGLE_CLASS_TESTING_backup_20250215_134318/val/images/zooplanktonhoristontal2_onsdag_244.jpg,53.111
/home/itk/Desktop/Andreas/AWAS-Project/AFTI_PMID_SINGLE_CLASS_TESTING_backup_20250215_134318/val/images/zooplanktonhoristontal2_onsdag_245.jpg,53.026
/home/itk/Desktop/Andreas/AWAS-Project/AFTI_PMID_SINGLE_CLASS_TESTING_backup_20250215_134318/val/images/zooplanktonhoristontal2_onsdag_246.jpg,53.136
/home/itk/Desktop/Andreas/AWAS-Project/AFTI_PMID_SINGLE_CLASS_TESTING_backup_20250215_134318/val/images/zooplanktonhoristontal2_onsdag_3.jpg,53.107
/home/itk/Desktop/Andreas/AWAS-Project/AFTI_PMID_SINGLE_CLASS_TESTING_backup_20250215_134318/val/images/zooplanktonhoristontal2_onsdag_343.jpg,53.062
/home/itk/Desktop/Andreas/AWAS-Project/AFTI_PMID_SINGLE_CLASS_TESTING_backup_20250215_134318/val/images/zooplanktonhoristontal2_onsdag_345.jpg,53.084
/home/itk/Desktop/Andreas/AWAS-Project/AFTI_PMID_SINGLE_CLASS_TESTING_backup_20250215_134318/val/images/zooplanktonhoristontal2_onsdag_347.jpg,53.160
/home/itk/Desktop/Andreas/AWAS-Project/AFTI_PMID_SINGLE_CLASS_TESTING_backup_20250215_134318/val/images/zooplanktonhoristontal2_onsdag_5.jpg,53.077
/home/itk/Desktop/Andreas/AWAS-Project/AFTI_PMID_SINGLE_CLASS_TESTING_backup_20250215_134318/val/images/zooplanktonhoristontal2_onsdag_8.jpg,53.243
/home/itk/Desktop/Andreas/AWAS-Project/AFTI_PMID_SINGLE_CLASS_TESTING_backup_20250215_134318/val/images/zooplanktonwp2_60.jpg,53.062

metric,value
mean_ms,53.244
std_ms,0.348
p50_ms,53.142
p90_ms,53.597
p99_ms,54.610
fps,18.78
