image_path,latency_ms,peak_gpu_mem_mb
/home/itk/Desktop/Andreas/AWAS-Project/AFTI_PMID_SINGLE_CLASS_TESTING_backup_20250215_134318/val/images/gunnerus_vertikal_2_ny_131.jpg,9.489,99.632
/home/itk/Desktop/Andreas/AWAS-Project/AFTI_PMID_SINGLE_CLASS_TESTING_backup_20250215_134318/val/images/gunnerus_vertikal_2_ny_133.jpg,9.247,99.632
/home/itk/Desktop/Andreas/AWAS-Project/AFTI_PMID_SINGLE_CLASS_TESTING_backup_20250215_134318/val/images/gunnerus_vertikal_2_ny_134.jpg,9.408,99.632
/home/itk/Desktop/Andreas/AWAS-Project/AFTI_PMID_SINGLE_CLASS_TESTING_backup_20250215_134318/val/images/gunnerus_vertikal_2_ny_135.jpg,9.289,99.632
/home/itk/Desktop/Andreas/AWAS-Project/AFTI_PMID_SINGLE_CLASS_TESTING_backup_20250215_134318/val/images/gunnerus_vertikal_2_ny_137.jpg,9.508,99.632
/home/itk/Desktop/Andreas/AWAS-Project/AFTI_PMID_SINGLE_CLASS_TESTING_backup_20250215_134318/val/images/gunnerus_vertikal_2_ny_156.jpg,9.270,99.632
/home/itk/Desktop/Andreas/AWAS-Project/AFTI_PMID_SINGLE_CLASS_TESTING_backup_20250215_134318/val/images/gunnerus_vertikal_2_ny_169.jpg,9.350,99.632
/home/itk/Desktop/Andreas/AWAS-Project/AFTI_PMID_SINGLE_CLASS_TESTING_backup_20250215_134318/val/images/gunnerus_vertikal_2_ny_170.jpg,9.218,99.632
/home/itk/Desktop/Andreas/AWAS-Project/AFTI_PMID_SINGLE_CLASS_TESTING_backup_20250215_134318/val/images/gunnerus_vertikal_2_ny_171.jpg,9.280,99.632
/home/itk/Desktop/Andreas/AWAS-Project/AFTI_PMID_SINGLE_CLASS_TESTING_backup_20250215_134318/val/images/gunnerus_vertikal_2_ny_172.jpg,9.227,99.632
/home/itk/Desktop/Andreas/AWAS-Project/AFTI_PMID_SINGLE_CLASS_TESTING_backup_20250215_134318/val/images/gunnerus_vertikal_2_ny_201.jpg,9.545,99.632
/home/itk/Desktop/Andreas/AWAS-Project/AFTI_PMID_SINGLE_CLASS_TESTING_backup_20250215_134318/val/images/gunnerus_vertikal_2_ny_203.jpg,9.476,99.632
/home/itk/Desktop/Andreas/AWAS-Project/AFTI_PMID_SINGLE_CLASS_TESTING_backup_20250215_134318/val/images/gunnerus_vertikal_2_ny_209.jpg,9.445,99.632
/home/itk/Desktop/Andreas/AWAS-Project/AFTI_PMID_SINGLE_CLASS_TESTING_backup_20250215_134318/val/images/gunnerus_vertikal_2_ny_210.jpg,9.269,99.632
/home/itk/Desktop/Andreas/AWAS-Project/AFTI_PMID_SINGLE_CLASS_TESTING_backup_20250215_134318/val/images/gunnerus_vertikal_2_ny_25.jpg,9.402,99.632
/home/itk/Desktop/Andreas/AWAS-Project/AFTI_PMID_SINGLE_CLASS_TESTING_backup_20250215_134318/val/images/gunnerus_vertikal_2_ny_278.jpg,9.288,99.632
/home/itk/Desktop/Andreas/AWAS-Project/AFTI_PMID_SINGLE_CLASS_TESTING_backup_20250215_134318/val/images/gunnerus_vertikal_2_ny_28.jpg,9.366,99.632
/home/itk/Desktop/Andreas/AWAS-Project/AFTI_PMID_SINGLE_CLASS_TESTING_backup_20250215_134318/val/images/gunnerus_vertikal_2_ny_282.jpg,9.236,99.632
/home/itk/Desktop/Andreas/AWAS-Project/AFTI_PMID_SINGLE_CLASS_TESTING_backup_20250215_134318/val/images/gunnerus_vertikal_2_ny_299.jpg,9.160,99.632
/home/itk/Desktop/Andreas/AWAS-Project/AFTI_PMID_SINGLE_CLASS_TESTING_backup_20250215_134318/val/images/gunnerus_vertikal_2_ny_302.jpg,9.173,99.632
/home/itk/Desktop/Andreas/AWAS-Project/AFTI_PMID_SINGLE_CLASS_TESTING_backup_20250215_134318/val/images/gunnerus_vertikal_2_ny_303.jpg,9.272,99.632
/home/itk/Desktop/Andreas/AWAS-Project/AFTI_PMID_SINGLE_CLASS_TESTING_backup_20250215_134318/val/images/gunnerus_vertikal_2_ny_304.jpg,9.236,99.632
/home/itk/Desktop/Andreas/AWAS-Project/AFTI_PMID_SINGLE_CLASS_TESTING_backup_20250215_134318/val/images/gunnerus_vertikal_2_ny_309.jpg,9.354,99.632
/home/itk/Desktop/Andreas/AWAS-Project/AFTI_PMID_SINGLE_CLASS_TESTING_backup_20250215_134318/val/images/gunnerus_vertikal_2_ny_31.jpg,9.260,99.632
/home/itk/Desktop/Andreas/AWAS-Project/AFTI_PMID_SINGLE_CLASS_TESTING_backup_20250215_134318/val/images/gunnerus_vertikal_2_ny_328.jpg,9.320,99.632
/home/itk/Desktop/Andreas/AWAS-Project/AFTI_PMID_SINGLE_CLASS_TESTING_backup_20250215_134318/val/images/gunnerus_vertikal_2_ny_39.jpg,9.239,99.632
/home/itk/Desktop/Andreas/AWAS-Project/AFTI_PMID_SINGLE_CLASS_TESTING_backup_20250215_134318/val/images/gunnerus_vertikal_2_ny_394.jpg,9.178,99.632
/home/itk/Desktop/Andreas/AWAS-Project/AFTI_PMID_SINGLE_CLASS_TESTING_backup_20250215_134318/val/images/gunnerus_vertikal_2_ny_40.jpg,9.421,99.632
/home/itk/Desktop/Andreas/AWAS-Project/AFTI_PMID_SINGLE_CLASS_TESTING_backup_20250215_134318/val/images/gunnerus_vertikal_2_ny_41.jpg,9.291,99.632
/home/itk/Desktop/Andreas/AWAS-Project/AFTI_PMID_SINGLE_CLASS_TESTING_backup_20250215_134318/val/images/gunnerus_vertikal_2_ny_431.jpg,9.160,99.632
/home/itk/Desktop/Andreas/AWAS-Project/AFTI_PMID_SINGLE_CLASS_TESTING_backup_20250215_134318/val/images/gunnerus_vertikal_2_ny_449.jpg,8.816,99.632
/home/itk/Desktop/Andreas/AWAS-Project/AFTI_PMID_SINGLE_CLASS_TESTING_backup_20250215_134318/val/images/gunnerus_vertikal_2_ny_50.jpg,9.302,99.631
/home/itk/Desktop/Andreas/AWAS-Project/AFTI_PMID_SINGLE_CLASS_TESTING_backup_20250215_134318/val/images/gunnerus_vertikal_2_ny_511.jpg,9.215,99.632
/home/itk/Desktop/Andreas/AWAS-Project/AFTI_PMID_SINGLE_CLASS_TESTING_backup_20250215_134318/val/images/gunnerus_vertikal_2_ny_58.jpg,9.679,99.632
/home/itk/Desktop/Andreas/AWAS-Project/AFTI_PMID_SINGLE_CLASS_TESTING_backup_20250215_134318/val/images/gunnerus_vertikal_2_ny_70.jpg,9.329,99.632
/home/itk/Desktop/Andreas/AWAS-Project/AFTI_PMID_SINGLE_CLASS_TESTING_backup_20250215_134318/val/images/gunnerus_vertikal_2_ny_78.jpg,9.315,99.632
/home/itk/Desktop/Andreas/AWAS-Project/AFTI_PMID_SINGLE_CLASS_TESTING_backup_20250215_134318/val/images/gunnerus_vertikal_2_ny_79.jpg,9.316,99.632
/home/itk/Desktop/Andreas/AWAS-Project/AFTI_PMID_SINGLE_CLASS_TESTING_backup_20250215_134318/val/images/gunnerus_vertikal_2_ny_87.jpg,9.274,99.632
/home/itk/Desktop/Andreas/AWAS-Project/AFTI_PMID_SINGLE_CLASS_TESTING_backup_20250215_134318/val/images/gunnerus_vertikal_2_ny_91.jpg,9.253,99.632
/home/itk/Desktop/Andreas/AWAS-Project/AFTI_PMID_SINGLE_CLASS_TESTING_backup_20250215_134318/val/images/gunnerushorisontal2_11.jpg,9.360,99.632
/home/itk/Desktop/Andreas/AWAS-Project/AFTI_PMID_SINGLE_CLASS_TESTING_backup_20250215_134318/val/images/gunnerushorisontal2_14.jpg,9.215,99.632
/home/itk/Desktop/Andreas/AWAS-Project/AFTI_PMID_SINGLE_CLASS_TESTING_backup_20250215_134318/val/images/gunnerushorisontal2_16.jpg,9.404,99.632
/home/itk/Desktop/Andreas/AWAS-Project/AFTI_PMID_SINGLE_CLASS_TESTING_backup_20250215_134318/val/images/gunnerushorisontal2_17.jpg,9.194,99.632
/home/itk/Desktop/Andreas/AWAS-Project/AFTI_PMID_SINGLE_CLASS_TESTING_backup_20250215_134318/val/images/gunnerushorisontal2_18.jpg,9.171,99.632
/home/itk/Desktop/Andreas/AWAS-Project/AFTI_PMID_SINGLE_CLASS_TESTING_backup_20250215_134318/val/images/gunnerushorisontal2_19.jpg,9.185,99.632
/home/itk/Desktop/Andreas/AWAS-Project/AFTI_PMID_SINGLE_CLASS_TESTING_backup_20250215_134318/val/images/gunnerushorisontal2_25.jpg,9.103,99.632
/home/itk/Desktop/Andreas/AWAS-Project/AFTI_PMID_SINGLE_CLASS_TESTING_backup_20250215_134318/val/images/gunnerushorisontal2_26.jpg,9.132,99.632
/home/itk/Desktop/Andreas/AWAS-Project/AFTI_PMID_SINGLE_CLASS_TESTING_backup_20250215_134318/val/images/gunnerushorisontal2_29.jpg,9.188,99.632
/home/itk/Desktop/Andreas/AWAS-Project/AFTI_PMID_SINGLE_CLASS_TESTING_backup_20250215_134318/val/images/gunnerushorisontal2_35.jpg,9.170,99.632
/home/itk/Desktop/Andreas/AWAS-Project/AFTI_PMID_SINGLE_CLASS_TESTING_backup_20250215_134318/val/images/gunnerushorisontal2_36.jpg,9.207,99.632
/home/itk/Desktop/Andreas/AWAS-Project/AFTI_PMID_SINGLE_CLASS_TESTING_backup_20250215_134318/val/images/gunnerushorisontal2_37.jpg,9.194,99.632
/home/itk/Desktop/Andreas/AWAS-Project/AFTI_PMID_SINGLE_CLASS_TESTING_backup_20250215_134318/val/images/gunnerushorisontal2_39.jpg,9.182,99.632
/home/itk/Desktop/Andreas/AWAS-Project/AFTI_PMID_SINGLE_CLASS_TESTING_backup_20250215_134318/val/images/gunnerushorisontal2_45.jpg,9.306,99.632
/home/itk/Desktop/Andreas/AWAS-Project/AFTI_PMID_SINGLE_CLASS_TESTING_backup_20250215_134318/val/images/gunnerushorisontal2_48.jpg,9.235,99.632
/home/itk/Desktop/Andreas/AWAS-Project/AFTI_PMID_SINGLE_CLASS_TESTING_backup_20250215_134318/val/images/gunnerushorisontal2_5.jpg,9.327,99.632
/home/itk/Desktop/Andreas/AWAS-Project/AFTI_PMID_SINGLE_CLASS_TESTING_backup_20250215_134318/val/images/gunnerushorisontal2_50.jpg,9.191,99.632
/home/itk/Desktop/Andreas/AWAS-Project/AFTI_PMID_SINGLE_CLASS_TESTING_backup_20250215_134318/val/images/gunnerushorisontal2_59.jpg,9.240,99.632
/home/itk/Desktop/Andreas/AWAS-Project/AFTI_PMID_SINGLE_CLASS_TESTING_backup_20250215_134318/val/images/gunnerushorisontal2_66.jpg,9.182,99.632
/home/itk/Desktop/Andreas/AWAS-Project/AFTI_PMID_SINGLE_CLASS_TESTING_backup_20250215_134318/val/images/gunnerushorisontal2_75.jpg,9.104,99.632
/home/itk/Desktop/Andreas/AWAS-Project/AFTI_PMID_SINGLE_CLASS_TESTING_backup_20250215_134318/val/images/gunnerushorisontal2_77.jpg,9.190,99.632
/home/itk/Desktop/Andreas/AWAS-Project/AFTI_PMID_SINGLE_CLASS_TESTING_backup_20250215_134318/val/images/gunnerushorisontal2_79.jpg,9.070,99.632
/home/itk/Desktop/Andreas/AWAS-Project/AFTI_PMID_SINGLE_CLASS_TESTING_backup_20250215_134318/val/images/gunnerushorisontal2_81.jpg,9.219,99.632
/home/itk/Desktop/Andreas/AWAS-Project/AFTI_PMID_SINGLE_CLASS_TESTING_backup_20250215_134318/val/images/gunnerushorisontal2_82.jpg,9.086,99.632
/home/itk/Desktop/Andreas/AWAS-Project/AFTI_PMID_SINGLE_CLASS_TESTING_backup_20250215_134318/val/images/gunnerushorisontal2_86.jpg,9.410,99.632
/home/itk/Desktop/Andreas/AWAS-Project/AFTI_PMID_SINGLE_CLASS_TESTING_backup_20250215_134318/val/images/gunnerushorisontal2_87.jpg,9.197,99.632
/home/itk/Desktop/Andreas/AWAS-Project/AFTI_PMID_SINGLE_CLASS_TESTING_backup_20250215_134318/val/images/gunnerushorisontal2_91.jpg,9.203,99.632
/home/itk/Desktop/Andreas/AWAS-Project/AFTI_PMID_SINGLE_CLASS_TESTING_backup_20250215_134318/val/images/gunnerushorisontal2_93.jpg,9.147,99.632
/home/itk/Desktop/Andreas/AWAS-Project/AFTI_PMID_SINGLE_CLASS_TESTING_backup_20250215_134318/val/images/gunnerushorisontal2_97.jpg,9.136,99.632
/home/itk/Desktop/Andreas/AWAS-Project/AFTI_PMID_SINGLE_CLASS_TESTING_backup_20250215_134318/val/images/gunnerushorisontal2_99.jpg,9.311,99.632
/home/itk/Desktop/Andreas/AWAS-Project/AFTI_PMID_SINGLE_CLASS_TESTING_backup_20250215_134318/val/images/gunnerusvertikal2_112.jpg,9.209,99.632
/home/itk/Desktop/Andreas/AWAS-Project/AFTI_PMID_SINGLE_CLASS_TESTING_backup_20250215_134318/val/images/gunnerusvertikal2_113.jpg,9.002,99.632
/home/itk/Desktop/Andreas/AWAS-Project/AFTI_PMID_SINGLE_CLASS_TESTING_backup_20250215_134318/val/images/gunnerusvertikal2_122.jpg,9.063,99.631
/home/itk/Desktop/Andreas/AWAS-Project/AFTI_PMID_SINGLE_CLASS_TESTING_backup_20250215_134318/val/images/gunnerusvertikal2_127.jpg,8.994,99.632
/home/itk/Desktop/Andreas/AWAS-Project/AFTI_PMID_SINGLE_CLASS_TESTING_backup_20250215_134318/val/images/gunnerusvertikal2_16.jpg,9.174,99.632
/home/itk/Desktop/Andreas/AWAS-Project/AFTI_PMID_SINGLE_CLASS_TESTING_backup_20250215_134318/val/images/gunnerusvertikal2_421.jpg,9.247,99.632
/home/itk/Desktop/Andreas/AWAS-Project/AFTI_PMID_SINGLE_CLASS_TESTING_backup_20250215_134318/val/images/zooplanktonhorisontal1_onsdag_12.jpg,9.339,99.632
/home/itk/Desktop/Andreas/AWAS-Project/AFTI_PMID_SINGLE_CLASS_TESTING_backup_20250215_134318/val/images/zooplanktonhoristontal2_onsdag_1.jpg,9.366,99.632
/home/itk/Desktop/Andreas/AWAS-Project/AFTI_PMID_SINGLE_CLASS_TESTING_backup_20250215_134318/val/images/zooplanktonhoristontal2_onsdag_10.jpg,9.400,99.632
/home/itk/Desktop/Andreas/AWAS-Project/AFTI_PMID_SINGLE_CLASS_TESTING_backup_20250215_134318/val/images/zooplanktonhoristontal2_onsdag_12.jpg,9.249,99.632
/home/itk/Desktop/Andreas/AWAS-Project/AFTI_PMID_SINGLE_CLASS_TESTING_backup_20250215_134318/val/images/zooplanktonhoristontal2_onsdag_139.jpg,9.222,99.632
/home/itk/Desktop/Andreas/AWAS-Project/AFTI_PMID_SINGLE_CLASS_TESTING_backup_20250215_134318/val/images/zooplanktonhoristontal2_onsdag_144.jpg,9.142,99.632
/home/itk/Desktop/Andreas/AWAS-Project/AFTI_PMID_SINGLE_CLASS_TESTING_backup_20250215_134318/val/images/zooplanktonhoristontal2_onsdag_145.jpg,9.218,99.632
/home/itk/Desktop/Andreas/AWAS-Project/AFTI_PMID_SINGLE_CLASS_TESTING_backup_20250215_134318/val/images/zooplanktonhoristontal2_onsdag_146.jpg,9.133,99.632
/home/itk/Desktop/Andreas/AWAS-Project/AFTI_PMID_SINGLE_CLASS_TESTING_backup_20250215_134318/val/images/zooplanktonhoristontal2_onsdag_18.jpg,9.701,99.632
/home/itk/Desktop/Andreas/AWAS-Project/AFTI_PMID_SINGLE_CLASS_TESTING_backup_20250215_134318/val/images/zooplanktonhoristontal2_onsdag_21.jpg,9.934,99.632
/home/itk/Desktop/Andreas/AWAS-Project/AFTI_PMID_SINGLE_CLASS_TESTING_backup_20250215_134318/val/images/zooplanktonhoristontal2_onsdag_238.jpg,9.171,99.632
/home/itk/Desktop/Andreas/AWAS-Project/AFTI_PMID_SINGLE_CLASS_TESTING_backup_20250215_134318/val/images/zooplanktonhoristontal2_onsdag_240.jpg,9.224,99.632
/home/itk/Desktop/Andreas/AWAS-Project/AFTI_PMID_SINGLE_CLASS_TESTING_backup_20250215_134318/val/images/zooplanktonhoristontal2_onsdag_241.jpg,9.171,99.632
/home/itk/Desktop/Andreas/AWAS-Project/AFTI_PMID_SINGLE_CLASS_TESTING_backup_20250215_134318/val/images/zooplanktonhoristontal2_onsdag_243.jpg,9.197,99.632
/home/itk/Desktop/Andreas/AWAS-Project/AFTI_PMID_SINGLE_CLASS_TESTING_backup_20250215_134318/val/images/zooplanktonhoristontal2_onsdag_244.jpg,9.171,99.632
/home/itk/Desktop/Andreas/AWAS-Project/AFTI_PMID_SINGLE_CLASS_TESTING_backup_20250215_134318/val/images/zooplanktonhoristontal2_onsdag_245.jpg,9.154,99.632
/home/itk/Desktop/Andreas/AWAS-Project/AFTI_PMID_SINGLE_CLASS_TESTING_backup_20250215_134318/val/images/zooplanktonhoristontal2_onsdag_246.jpg,9.118,99.632
/home/itk/Desktop/Andreas/AWAS-Project/AFTI_PMID_SINGLE_CLASS_TESTING_backup_20250215_134318/val/images/zooplanktonhoristontal2_onsdag_3.jpg,9.232,99.632
/home/itk/Desktop/Andreas/AWAS-Project/AFTI_PMID_SINGLE_CLASS_TESTING_backup_20250215_134318/val/images/zooplanktonhoristontal2_onsdag_343.jpg,9.414,99.632
/home/itk/Desktop/Andreas/AWAS-Project/AFTI_PMID_SINGLE_CLASS_TESTING_backup_20250215_134318/val/images/zooplanktonhoristontal2_onsdag_345.jpg,9.214,99.632
/home/itk/Desktop/Andreas/AWAS-Project/AFTI_PMID_SINGLE_CLASS_TESTING_backup_20250215_134318/val/images/zooplanktonhoristontal2_onsdag_347.jpg,8.775,99.632
/home/itk/Desktop/Andreas/AWAS-Project/AFTI_PMID_SINGLE_CLASS_TESTING_backup_20250215_134318/val/images/zooplanktonhoristontal2_onsdag_5.jpg,9.234,99.631
/home/itk/Desktop/Andreas/AWAS-Project/AFTI_PMID_SINGLE_CLASS_TESTING_backup_20250215_134318/val/images/zooplanktonhoristontal2_onsdag_8.jpg,9.259,99.632
/home/itk/Desktop/Andreas/AWAS-Project/AFTI_PMID_SINGLE_CLASS_TESTING_backup_20250215_134318/val/images/zooplanktonwp2_60.jpg,9.206,99.632

metric,value
mean_latency_ms,9.253
std_latency_ms,0.153
p50_latency_ms,9.232
p90_latency_ms,9.411
mean_peak_gpu_mem_mb,99.632
std_peak_gpu_mem_mb,0.000
p90_peak_gpu_mem_mb,99.632
fps_images_per_sec,108.07
