fitness,lr0,lrf,momentum,weight_decay,warmup_epochs,warmup_momentum,box,cls,dfl,hsv_h,hsv_s,hsv_v,degrees,translate,scale,shear,perspective,flipud,fliplr,bgr,mosaic,mixup,copy_paste
0.66471,0.01,0.01,0.937,0.0005,3.0,0.8,7.5,0.5,1.5,0.015,0.7,0.4,0.0,0.1,0.5,0.0,0.0,0.0,0.5,0.0,1.0,0.0,0.0
0.66394,0.0098,0.01017,0.93281,0.00048,3.22163,0.77415,7.48545,0.4805,1.49744,0.01523,0.70085,0.4,0.0,0.10183,0.4966,0.0,0.0,0.0,0.5,0.0,1.0,0.0,0.0
0.6415,0.00968,0.01,0.937,0.00051,3.0,0.79253,7.64776,0.5,1.50821,0.01509,0.7,0.39681,0.0,0.10379,0.50773,0.0,0.0,0.0,0.48163,0.0,0.97503,0.0,0.0
0.70436,0.00873,0.01096,0.90387,0.00048,3.33889,0.70318,7.48545,0.4805,1.49744,0.01551,0.64813,0.39589,0.0,0.09603,0.45736,0.0,0.0,0.0,0.50999,0.0,0.87828,0.0,0.0
0.6986,0.01,0.01113,0.875,0.0005,3.29184,0.80372,7.1864,0.5,1.46733,0.01636,0.574,0.46488,0.0,0.10475,0.5112,0.0,0.0,0.0,0.50988,0.0,1.0,0.0,0.0
0.70524,0.00863,0.00962,0.84351,0.00075,2.81191,0.88039,7.1864,0.39819,1.67043,0.01534,0.44521,0.35157,0.0,0.1007,0.66315,0.0,0.0,0.0,0.4287,0.0,1.0,0.0,0.0
0.70772,0.00702,0.01289,0.71558,0.00067,2.81191,0.79727,7.1864,0.39819,1.50543,0.01534,0.44521,0.39266,0.0,0.1344,0.76543,0.0,0.0,0.0,0.44709,0.0,0.97233,0.0,0.0
0.55814,0.0095,0.01187,0.98,0.00043,3.51497,0.72966,7.48545,0.49158,1.49744,0.01551,0.59951,0.41383,0.0,0.10103,0.4339,0.0,0.0,0.0,0.44931,0.0,0.87273,0.0,0.0
0.71104,0.0085,0.01088,0.80814,0.00042,3.13619,0.66092,9.47609,0.52287,1.32857,0.01613,0.64813,0.37642,0.0,0.10161,0.42781,0.0,0.0,0.0,0.49948,0.0,0.87828,0.0,0.0
0.70852,0.00702,0.01289,0.71558,0.00067,2.81164,0.79751,7.18703,0.39833,1.50516,0.01534,0.44513,0.39284,0.0,0.13437,0.76566,0.0,0.0,0.0,0.44709,0.0,0.97221,0.0,0.0
0.71848,0.0065,0.01224,0.66772,0.00067,2.77859,0.80117,7.1864,0.42563,1.50543,0.01519,0.46905,0.39456,0.0,0.13303,0.74843,0.0,0.0,0.0,0.42795,0.0,1.0,0.0,0.0
0.71519,0.00696,0.01088,0.87945,0.00028,4.38111,0.73651,10.42969,0.60272,1.29532,0.01469,0.48949,0.43812,0.0,0.13224,0.3899,0.0,0.0,0.0,0.55583,0.0,0.98659,0.0,0.0
0.70609,0.0066,0.01088,0.86198,0.00028,4.38111,0.73651,10.34054,0.60269,1.39153,0.01602,0.41611,0.39393,0.0,0.13346,0.42568,0.0,0.0,0.0,0.62769,0.0,0.75695,0.0,0.0
0.7091,0.0065,0.01263,0.61267,0.00063,2.80535,0.78719,7.73469,0.40694,1.51268,0.01519,0.46905,0.38455,0.0,0.1406,0.74843,0.0,0.0,0.0,0.43641,0.0,0.98439,0.0,0.0
0.70116,0.00687,0.01219,0.67168,0.00065,2.55401,0.81255,7.00617,0.39763,1.86611,0.01937,0.54266,0.37586,0.0,0.13024,0.74843,0.0,0.0,0.0,0.48185,0.0,0.80092,0.0,0.0
0.71491,0.00632,0.01224,0.68483,0.00067,3.00082,0.77872,7.1864,0.42563,1.58047,0.01519,0.4823,0.39456,0.0,0.13303,0.7992,0.0,0.0,0.0,0.44565,0.0,1.0,0.0,0.0
0.70448,0.00634,0.01071,0.68688,0.00065,2.89849,0.81929,7.90743,0.39466,1.47059,0.01519,0.46944,0.40628,0.0,0.12447,0.78452,0.0,0.0,0.0,0.43537,0.0,0.98508,0.0,0.0
0.71622,0.00521,0.00808,0.85637,0.00067,2.77859,0.80752,7.1864,0.38593,1.50543,0.01539,0.46905,0.28039,0.0,0.17268,0.65437,0.0,0.0,0.0,0.34245,0.0,1.0,0.0,0.0
0.70737,0.00627,0.00973,0.6459,0.00072,2.83802,0.80572,6.66945,0.44369,1.59202,0.01631,0.46905,0.39456,0.0,0.12789,0.74843,0.0,0.0,0.0,0.44719,0.0,0.96895,0.0,0.0
0.71168,0.00654,0.01234,0.67258,0.00067,2.76964,0.81375,7.1864,0.42857,1.50695,0.01498,0.46714,0.39456,0.0,0.13303,0.74503,0.0,0.0,0.0,0.42697,0.0,0.99804,0.0,0.0
0.71566,0.00521,0.00824,0.84769,0.00067,2.90055,0.79086,6.90673,0.38593,1.50543,0.01582,0.4509,0.28583,0.0,0.17392,0.65395,0.0,0.0,0.0,0.34911,0.0,1.0,0.0,0.0
0.70745,0.0047,0.00747,0.83636,0.00072,3.00742,0.77524,7.1864,0.35974,1.49865,0.01538,0.47095,0.27711,0.0,0.15617,0.63379,0.0,0.0,0.0,0.34245,0.0,0.90663,0.0,0.0
0.70132,0.00706,0.0112,0.65058,0.00056,2.77859,0.80117,8.59956,0.43979,1.50521,0.01247,0.6137,0.33365,0.0,0.16671,0.78392,0.0,0.0,0.0,0.54348,0.0,0.8191,0.0,0.0
0.69948,0.00661,0.01283,0.65237,0.00069,2.77194,0.79378,7.03299,0.43338,1.56371,0.01525,0.4769,0.39921,0.0,0.13766,0.69007,0.0,0.0,0.0,0.44709,0.0,1.0,0.0,0.0
0.72282,0.00668,0.01181,0.66772,0.00067,2.65849,0.79374,7.0765,0.42929,1.50543,0.01537,0.48717,0.39491,0.0,0.13303,0.74295,0.0,0.0,0.0,0.42196,0.0,1.0,0.0,0.0
0.72066,0.00667,0.0116,0.64377,0.00067,2.68958,0.80587,6.85904,0.42925,1.49951,0.01512,0.48119,0.37738,0.0,0.13084,0.74633,0.0,0.0,0.0,0.42196,0.0,0.99998,0.0,0.0
0.72061,0.00704,0.01181,0.76936,0.0006,2.50215,0.76627,6.46676,0.42929,1.5525,0.01858,0.48717,0.32917,0.0,0.11852,0.65388,0.0,0.0,0.0,0.39197,0.0,1.0,0.0,0.0
0.71996,0.00587,0.01168,0.74186,0.0006,2.36344,0.78745,7.04969,0.44793,1.50543,0.01386,0.59589,0.42935,0.0,0.12788,0.75062,0.0,0.0,0.0,0.38661,0.0,1.0,0.0,0.0
0.71301,0.00586,0.01056,0.79819,0.0006,2.36344,0.77556,6.93898,0.46052,1.60148,0.01386,0.71517,0.43776,0.0,0.14269,0.67381,0.0,0.0,0.0,0.41929,0.0,0.9877,0.0,0.0
0.7211,0.00663,0.01127,0.76936,0.0006,2.54551,0.77382,5.71424,0.42929,1.5525,0.0185,0.48717,0.30988,0.0,0.114,0.65388,0.0,0.0,0.0,0.39197,0.0,0.96766,0.0,0.0
0.70404,0.00667,0.01122,0.6,0.00066,2.68958,0.8473,6.01674,0.42925,1.54386,0.01381,0.45418,0.37984,0.0,0.13084,0.74503,0.0,0.0,0.0,0.46179,0.0,0.99998,0.0,0.0
0.71759,0.00657,0.01124,0.68801,0.00055,2.66061,0.77382,5.96036,0.42929,1.5525,0.01732,0.49208,0.29846,0.0,0.11612,0.74414,0.0,0.0,0.0,0.37737,0.0,0.95905,0.0,0.0
0.72357,0.00718,0.01181,0.78708,0.00062,2.46795,0.79633,6.74998,0.4368,1.54634,0.0186,0.47288,0.31562,0.0,0.12302,0.65388,0.0,0.0,0.0,0.41292,0.0,1.0,0.0,0.0
0.71552,0.00977,0.01181,0.67032,0.00066,2.62124,0.726,7.0765,0.42929,1.50543,0.01537,0.47186,0.36824,0.0,0.15807,0.95,0.0,0.0,0.0,0.27035,0.0,0.94624,0.0,0.0
0.69962,0.00608,0.01127,0.90343,0.00053,2.75004,0.77382,6.50971,0.39881,1.59674,0.01756,0.48717,0.29804,0.0,0.114,0.64144,0.0,0.0,0.0,0.39197,0.0,0.96766,0.0,0.0
0.72634,0.00629,0.00987,0.78729,0.0007,3.22131,0.74356,8.24875,0.56787,1.46108,0.01738,0.53457,0.28088,0.0,0.12148,0.73271,0.0,0.0,0.0,0.41017,0.0,1.0,0.0,0.0
0.69798,0.0076,0.01167,0.86114,0.00062,2.46795,0.80967,6.81499,0.4368,1.42916,0.01904,0.47741,0.31341,0.0,0.10828,0.65388,0.0,0.0,0.0,0.40408,0.0,0.98835,0.0,0.0
0.71959,0.00629,0.0102,0.73314,0.00093,3.57828,0.73909,8.24875,0.54482,1.46108,0.0224,0.76224,0.18804,0.0,0.14263,0.60869,0.0,0.0,0.0,0.29579,0.0,0.72789,0.0,0.0
0.70087,0.00668,0.01243,0.6,0.00067,1.5666,0.85054,6.03797,0.34662,1.34576,0.01693,0.45426,0.32249,0.0,0.13303,0.95,0.0,0.0,0.0,0.47402,0.0,1.0,0.0,0.0
0.71576,0.00533,0.01071,0.78729,0.00072,2.98673,0.78316,8.05956,0.57984,1.46108,0.01967,0.51724,0.30764,0.0,0.13737,0.81089,0.0,0.0,0.0,0.41017,0.0,1.0,0.0,0.0
0.72528,0.00652,0.01079,0.77412,0.00061,2.79114,0.77234,8.24875,0.56787,1.42382,0.01446,0.5675,0.25647,0.0,0.12008,0.62928,0.0,0.0,0.0,0.29128,0.0,1.0,0.0,0.0
0.71455,0.00629,0.00999,0.79119,0.00067,3.22131,0.74356,8.39778,0.5518,1.52113,0.01734,0.53457,0.27794,0.0,0.12138,0.6949,0.0,0.0,0.0,0.42034,0.0,0.95588,0.0,0.0
0.7113,0.00557,0.00987,0.61686,0.00073,3.30015,0.59135,9.73471,0.6359,1.74838,0.01399,0.55699,0.28323,0.0,0.12148,0.72826,0.0,0.0,0.0,0.43434,0.0,1.0,0.0,0.0
0.73057,0.0072,0.0107,0.82271,0.00062,2.52517,0.8131,6.74998,0.45019,1.46955,0.02133,0.51197,0.3084,0.0,0.12302,0.64606,0.0,0.0,0.0,0.45551,0.0,1.0,0.0,0.0
0.71867,0.00629,0.00987,0.78729,0.00063,3.31218,0.76354,8.66555,0.57296,1.24386,0.01738,0.47647,0.2802,0.0,0.1266,0.54912,0.0,0.0,0.0,0.40164,0.0,1.0,0.0,0.0
0.61897,0.00718,0.01229,0.96794,0.00058,2.49147,0.91708,6.82658,0.4368,1.60164,0.01852,0.47123,0.31562,0.0,0.12302,0.65388,0.0,0.0,0.0,0.36596,0.0,1.0,0.0,0.0
0.7156,0.00752,0.00941,0.83585,0.0006,2.72705,0.72719,5.9285,0.46772,1.46955,0.02063,0.48824,0.30258,0.0,0.12114,0.61219,0.0,0.0,0.0,0.45551,0.0,1.0,0.0,0.0
0.71469,0.0072,0.0107,0.81454,0.00057,2.63654,0.70429,6.62707,0.48117,1.46955,0.02222,0.50225,0.29327,0.0,0.11247,0.61802,0.0,0.0,0.0,0.45551,0.0,0.99696,0.0,0.0
0.60202,0.00689,0.01522,0.98,0.00053,2.54386,0.80135,6.74998,0.48545,1.46955,0.02133,0.48262,0.288,0.0,0.12302,0.60245,0.0,0.0,0.0,0.41626,0.0,1.0,0.0,0.0
0.7202,0.00652,0.01095,0.77412,0.00065,2.33685,0.64721,9.02292,0.50887,1.00748,0.01276,0.6005,0.25647,0.0,0.10855,0.51874,0.0,0.0,0.0,0.23761,0.0,1.0,0.0,0.0
0.7121,0.00552,0.01073,0.91794,0.00062,2.52517,0.80077,6.34045,0.46686,1.33351,0.02133,0.51197,0.28535,0.0,0.13835,0.68374,0.0,0.0,0.0,0.38633,0.0,1.0,0.0,0.0
0.71506,0.00722,0.01086,0.82271,0.00063,2.52517,0.8131,6.26131,0.45154,1.46955,0.02178,0.51828,0.30179,0.0,0.12302,0.68584,0.0,0.0,0.0,0.45551,0.0,0.97694,0.0,0.0
0.70133,0.00713,0.01038,0.8737,0.00061,2.42921,0.8131,7.27307,0.40246,1.46955,0.02262,0.51115,0.31587,0.0,0.12042,0.60318,0.0,0.0,0.0,0.45957,0.0,1.0,0.0,0.0
0.71657,0.0067,0.0107,0.84689,0.00058,2.57087,0.83581,6.74998,0.45019,1.28463,0.01997,0.4821,0.3084,0.0,0.12743,0.63821,0.0,0.0,0.0,0.43965,0.0,1.0,0.0,0.0
0.71511,0.00752,0.01216,0.85195,0.00062,2.98058,0.86292,6.65374,0.59286,1.46955,0.02879,0.53529,0.31425,0.0,0.12724,0.64606,0.0,0.0,0.0,0.46252,0.0,1.0,0.0,0.0
0.71719,0.00643,0.0097,0.83493,0.00068,3.03594,0.74356,9.0777,0.52971,1.40758,0.01738,0.39438,0.29798,0.0,0.12651,0.83602,0.0,0.0,0.0,0.37233,0.0,0.94859,0.0,0.0
0.7129,0.00658,0.00931,0.87693,0.00073,3.04302,0.6984,8.70971,0.56787,1.69696,0.0156,0.58688,0.28088,0.0,0.13142,0.73271,0.0,0.0,0.0,0.44428,0.0,1.0,0.0,0.0
0.71207,0.00694,0.00964,0.82271,0.00064,2.52517,0.75672,6.41164,0.44046,1.50714,0.02205,0.55486,0.29579,0.0,0.10823,0.57147,0.0,0.0,0.0,0.41128,0.0,1.0,0.0,0.0
0.58382,0.00787,0.0141,0.98,0.00064,2.46795,0.91507,6.35226,0.41264,1.28069,0.0186,0.44979,0.28618,0.0,0.11587,0.49746,0.0,0.0,0.0,0.41292,0.0,0.85832,0.0,0.0
0.72192,0.00704,0.00937,0.74205,0.0007,3.20299,0.63373,5.40579,0.55342,1.61697,0.01528,0.36462,0.34095,0.0,0.10165,0.73271,0.0,0.0,0.0,0.50222,0.0,1.0,0.0,0.0
0.706,0.00629,0.00977,0.91466,0.0007,3.11613,0.74356,8.24875,0.56787,1.46108,0.01826,0.59634,0.28088,0.0,0.11739,0.76897,0.0,0.0,0.0,0.4423,0.0,0.99077,0.0,0.0
0.71776,0.0072,0.01133,0.84781,0.00064,2.37964,0.79728,6.82671,0.45076,1.49723,0.02106,0.48352,0.3084,0.0,0.12373,0.61651,0.0,0.0,0.0,0.44429,0.0,1.0,0.0,0.0
0.71401,0.00685,0.01074,0.86613,0.00062,2.62241,0.8131,6.7428,0.43063,1.43642,0.02117,0.49449,0.29899,0.0,0.11797,0.66074,0.0,0.0,0.0,0.3678,0.0,0.98485,0.0,0.0
0.70163,0.00722,0.0107,0.8179,0.00062,2.52844,0.8131,6.76508,0.45019,1.47585,0.02136,0.51048,0.3084,0.0,0.12312,0.64594,0.0,0.0,0.0,0.45678,0.0,1.0,0.0,0.0
0.72664,0.00602,0.01091,0.71627,0.00044,2.96962,0.95,7.50972,0.45019,1.27028,0.02672,0.51264,0.35157,0.0,0.12535,0.61797,0.0,0.0,0.0,0.63851,0.0,1.0,0.0,0.0
0.71276,0.00666,0.01017,0.73126,0.00069,3.2626,0.76006,8.23266,0.64169,1.3783,0.01737,0.49185,0.24636,0.0,0.11312,0.69684,0.0,0.0,0.0,0.41017,0.0,1.0,0.0,0.0
0.71525,0.00651,0.00936,0.68539,0.00069,3.22131,0.77391,7.92642,0.66726,1.46108,0.01537,0.48773,0.25541,0.0,0.12853,0.74827,0.0,0.0,0.0,0.41017,0.0,0.74956,0.0,0.0
0.72199,0.00718,0.0116,0.72823,0.00066,3.43943,0.9262,8.24875,0.44448,1.63273,0.01819,0.44949,0.26252,0.0,0.12148,0.72971,0.0,0.0,0.0,0.35913,0.0,1.0,0.0,0.0
0.69394,0.00352,0.0115,0.92304,0.00039,2.77534,0.95,6.283,0.45181,1.27028,0.02274,0.33568,0.35157,0.0,0.14696,0.77696,0.0,0.0,0.0,0.38964,0.0,0.7177,0.0,0.0
0.71133,0.00835,0.01099,0.6,0.00057,3.1416,0.42069,5.99376,0.35146,1.96568,0.02133,0.35308,0.3084,0.0,0.10792,0.64606,0.0,0.0,0.0,0.47387,0.0,0.92677,0.0,0.0
0.71265,0.00702,0.0106,0.8242,0.00064,2.48918,0.86781,6.74998,0.41662,1.51022,0.02124,0.3823,0.31075,0.0,0.12262,0.64606,0.0,0.0,0.0,0.43534,0.0,1.0,0.0,0.0
0.72488,0.0085,0.00908,0.6,0.00062,1.81099,0.85785,6.74998,0.45019,1.89213,0.02296,0.66121,0.30782,0.0,0.1481,0.6496,0.0,0.0,0.0,0.46037,0.0,0.94163,0.0,0.0
0.71361,0.00563,0.01066,0.66868,0.00046,2.86884,0.86508,7.57728,0.42566,1.22373,0.02672,0.51264,0.36173,0.0,0.12172,0.61797,0.0,0.0,0.0,0.61073,0.0,0.97368,0.0,0.0
0.72115,0.00683,0.01182,0.81759,0.00058,3.18784,0.74356,9.48513,0.55665,1.67645,0.01738,0.52791,0.26723,0.0,0.11053,0.68109,0.0,0.0,0.0,0.41017,0.0,0.9518,0.0,0.0
0.71393,0.00664,0.00953,0.79587,0.00063,2.32028,0.84429,7.824,0.45019,1.11027,0.02446,0.34846,0.3084,0.0,0.15123,0.59537,0.0,0.0,0.0,0.42484,0.0,0.9951,0.0,0.0
0.71984,0.008,0.0107,0.82586,0.00062,2.52517,0.91598,6.74998,0.45019,1.47894,0.01855,0.51197,0.33121,0.0,0.1192,0.61168,0.0,0.0,0.0,0.45663,0.0,1.0,0.0,0.0
0.71349,0.00567,0.01121,0.67202,0.00043,2.97977,0.95,6.98442,0.45911,1.27028,0.02554,0.47509,0.35953,0.0,0.12908,0.66606,0.0,0.0,0.0,0.63245,0.0,1.0,0.0,0.0
0.72043,0.0066,0.0115,0.78729,0.0007,2.67044,0.90661,8.24875,0.63687,1.46108,0.01738,0.53457,0.23108,0.0,0.1187,0.75624,0.0,0.0,0.0,0.49136,0.0,1.0,0.0,0.0
0.72815,0.00663,0.00906,0.81893,0.0007,3.25927,0.74203,8.54813,0.53476,1.58929,0.01812,0.53457,0.28088,0.0,0.12772,0.67298,0.0,0.0,0.0,0.43056,0.0,0.90394,0.0,0.0
0.71571,0.00716,0.01121,0.82271,0.0006,2.60195,0.8131,6.7927,0.46971,1.49392,0.02133,0.51197,0.29256,0.0,0.12444,0.64606,0.0,0.0,0.0,0.49033,0.0,1.0,0.0,0.0
0.56173,0.0072,0.00906,0.98,0.00073,2.43002,0.8131,6.60753,0.45563,1.83114,0.02008,0.49217,0.3084,0.0,0.15853,0.49376,0.0,0.0,0.0,0.45397,0.0,0.83948,0.0,0.0
0.70903,0.00717,0.00982,0.84202,0.00066,3.46468,0.74203,8.54813,0.40439,1.39852,0.02027,0.49887,0.30275,0.0,0.10339,0.67169,0.0,0.0,0.0,0.37509,0.0,0.88947,0.0,0.0
0.71721,0.00526,0.01211,0.73846,0.00055,2.824,0.68639,6.74998,0.45019,1.50021,0.0223,0.55126,0.27172,0.0,0.12302,0.77517,0.0,0.0,0.0,0.45551,0.0,0.94313,0.0,0.0
0.70756,0.00706,0.01066,0.81291,0.00064,2.44108,0.8131,6.74998,0.45816,1.43919,0.02178,0.52204,0.31665,0.0,0.12167,0.64606,0.0,0.0,0.0,0.45551,0.0,1.0,0.0,0.0
0.71084,0.0079,0.01139,0.82271,0.00066,2.27034,0.93063,6.65814,0.5067,1.46955,0.02003,0.51475,0.3084,0.0,0.12302,0.64606,0.0,0.0,0.0,0.51845,0.0,0.88187,0.0,0.0
0.71341,0.0072,0.01322,0.81682,0.00079,2.52517,0.95,8.93555,0.5746,1.46955,0.02081,0.52149,0.25078,0.0,0.12511,0.47453,0.0,0.0,0.0,0.37881,0.0,1.0,0.0,0.0
0.69301,0.00716,0.01376,0.919,0.00056,2.45628,0.95,7.31325,0.42543,1.92081,0.02133,0.61685,0.37104,0.0,0.15709,0.72487,0.0,0.0,0.0,0.2893,0.0,1.0,0.0,0.0
0.70658,0.00579,0.00995,0.72173,0.00041,2.96441,0.92825,7.50972,0.43786,1.37028,0.02635,0.45936,0.35157,0.0,0.12351,0.57539,0.0,0.0,0.0,0.67561,0.0,1.0,0.0,0.0
0.71477,0.00787,0.0107,0.79497,0.00062,2.50366,0.77474,6.61354,0.45911,1.46955,0.02074,0.49043,0.3084,0.0,0.12324,0.68137,0.0,0.0,0.0,0.44741,0.0,1.0,0.0,0.0
0.69501,0.00715,0.01012,0.86555,0.00059,2.52517,0.92211,6.36949,0.45019,1.19802,0.02199,0.45643,0.3084,0.0,0.12913,0.64606,0.0,0.0,0.0,0.46568,0.0,0.83562,0.0,0.0
0.71935,0.00711,0.00882,0.78729,0.00067,3.79275,0.73865,9.09743,0.6279,1.46108,0.01738,0.59008,0.28088,0.0,0.13343,0.62729,0.0,0.0,0.0,0.42785,0.0,0.92249,0.0,0.0
0.71476,0.00602,0.00896,0.64898,0.00044,2.96962,0.77956,8.2555,0.46217,1.16523,0.02494,0.48271,0.3334,0.0,0.11508,0.60366,0.0,0.0,0.0,0.66418,0.0,1.0,0.0,0.0
0.72335,0.00685,0.0112,0.76044,0.0006,2.27002,0.8525,7.29057,0.41222,1.52266,0.02004,0.54285,0.29302,0.0,0.1348,0.64606,0.0,0.0,0.0,0.42983,0.0,1.0,0.0,0.0
0.72573,0.00643,0.0116,0.6,0.00048,3.19842,0.95,6.22579,0.40018,1.20732,0.02451,0.45137,0.35157,0.0,0.10851,0.62981,0.0,0.0,0.0,0.66197,0.0,0.94214,0.0,0.0
0.72428,0.00701,0.01142,0.71627,0.00045,2.96962,0.95,8.60574,0.50071,1.35513,0.02672,0.54617,0.35916,0.0,0.12535,0.61321,0.0,0.0,0.0,0.7504,0.0,1.0,0.0,0.0
0.72336,0.0072,0.01023,0.82869,0.0006,2.59987,0.8131,6.78619,0.50441,1.62977,0.01857,0.55359,0.3084,0.0,0.10745,0.63445,0.0,0.0,0.0,0.52213,0.0,1.0,0.0,0.0
0.72131,0.00691,0.00871,0.81893,0.00067,2.75147,0.78,8.33735,0.63672,1.97618,0.01145,0.47832,0.25952,0.0,0.08182,0.67298,0.0,0.0,0.0,0.44136,0.0,0.98962,0.0,0.0
0.72534,0.00678,0.01019,0.82271,0.00062,2.69776,0.84327,6.30196,0.42895,1.59401,0.02208,0.50549,0.3084,0.0,0.13862,0.57681,0.0,0.0,0.0,0.46811,0.0,1.0,0.0,0.0
0.71016,0.00949,0.01431,0.78546,0.00066,2.14219,0.72691,6.74998,0.45019,1.32914,0.02133,0.44999,0.32609,0.0,0.13981,0.64606,0.0,0.0,0.0,0.33671,0.0,1.0,0.0,0.0
0.71244,0.0071,0.00915,0.81893,0.0007,2.4828,0.83226,8.54813,0.53583,1.56155,0.01403,0.46044,0.28892,0.0,0.1174,0.54572,0.0,0.0,0.0,0.5552,0.0,1.0,0.0,0.0
0.7242,0.00731,0.01075,0.8411,0.00062,2.52517,0.82094,6.74477,0.45419,1.46955,0.02177,0.52003,0.3084,0.0,0.12302,0.64432,0.0,0.0,0.0,0.45551,0.0,0.98921,0.0,0.0
0.71044,0.00556,0.00775,0.77589,0.0006,3.28622,0.74203,8.54813,0.53476,1.37195,0.01801,0.53457,0.26244,0.0,0.12316,0.71375,0.0,0.0,0.0,0.40046,0.0,0.90394,0.0,0.0
0.71785,0.00718,0.00988,0.83196,0.00063,2.54046,0.78892,6.82938,0.45019,1.39901,0.0212,0.49514,0.3084,0.0,0.12055,0.65398,0.0,0.0,0.0,0.45551,0.0,0.9945,0.0,0.0
0.71432,0.00673,0.00927,0.82271,0.00075,2.55014,0.8131,6.74998,0.33467,1.87504,0.02133,0.54902,0.34416,0.0,0.11284,0.88941,0.0,0.0,0.0,0.45551,0.0,1.0,0.0,0.0
0.58121,0.00577,0.00906,0.98,0.0006,3.44606,0.74203,9.9211,0.53476,1.70739,0.01812,0.54659,0.30143,0.0,0.1219,0.79538,0.0,0.0,0.0,0.41155,0.0,0.98159,0.0,0.0
0.71864,0.0072,0.01078,0.81575,0.00062,2.52517,0.80584,6.80798,0.44699,1.48931,0.02133,0.51685,0.30962,0.0,0.12208,0.65408,0.0,0.0,0.0,0.4538,0.0,1.0,0.0,0.0
0.71265,0.00554,0.01177,0.6,0.0006,2.95006,0.95,5.77481,0.50059,1.34376,0.02133,0.51197,0.23828,0.0,0.12058,0.6384,0.0,0.0,0.0,0.43344,0.0,1.0,0.0,0.0
0.7021,0.00884,0.01238,0.82883,0.00045,2.23838,0.76089,5.98947,0.58527,1.62901,0.02649,0.33133,0.36228,0.0,0.14784,0.73312,0.0,0.0,0.0,0.42131,0.0,1.0,0.0,0.0
0.6977,0.00716,0.01136,0.89705,0.00062,2.29399,0.8131,6.74998,0.49303,1.46955,0.0208,0.49038,0.33151,0.0,0.13342,0.62557,0.0,0.0,0.0,0.44071,0.0,0.90137,0.0,0.0
0.72322,0.00743,0.01025,0.72264,0.00066,2.14971,0.78998,6.15816,0.45246,1.2581,0.02133,0.43592,0.29297,0.0,0.1395,0.64606,0.0,0.0,0.0,0.45551,0.0,1.0,0.0,0.0
0.71529,0.00739,0.0108,0.81917,0.00062,2.42895,0.82501,6.8423,0.44096,1.42051,0.02131,0.51197,0.30172,0.0,0.12302,0.62844,0.0,0.0,0.0,0.44968,0.0,0.97038,0.0,0.0
0.72004,0.0072,0.01098,0.77669,0.00048,2.23873,0.65986,6.20123,0.54673,1.17395,0.01941,0.59173,0.29006,0.0,0.1024,0.63969,0.0,0.0,0.0,0.4459,0.0,1.0,0.0,0.0
0.68073,0.00504,0.00998,0.95405,0.00065,2.25172,0.84345,6.56709,0.58393,1.51364,0.02133,0.51197,0.42149,0.0,0.13193,0.80628,0.0,0.0,0.0,0.42926,0.0,1.0,0.0,0.0
0.73265,0.00584,0.00905,0.82271,0.00053,2.52517,0.8142,6.63554,0.47603,0.91149,0.02133,0.48056,0.3674,0.0,0.10063,0.64606,0.0,0.0,0.0,0.35204,0.0,0.95408,0.0,0.0
0.70878,0.00621,0.00905,0.82271,0.00053,2.37126,0.86074,6.78919,0.33244,0.91149,0.01933,0.52092,0.32606,0.0,0.08346,0.59866,0.0,0.0,0.0,0.36602,0.0,1.0,0.0,0.0
0.7166,0.00569,0.00905,0.81151,0.00053,2.48167,0.78171,6.63554,0.49985,0.82963,0.02137,0.5259,0.369,0.0,0.09454,0.61957,0.0,0.0,0.0,0.36767,0.0,0.97722,0.0,0.0
0.70304,0.00602,0.01091,0.63731,0.00044,2.8947,0.95,6.77699,0.50398,1.23142,0.02505,0.44933,0.36261,0.0,0.12615,0.57106,0.0,0.0,0.0,0.63851,0.0,0.94315,0.0,0.0
0.71262,0.00584,0.0083,0.82271,0.00049,2.32437,0.81313,8.19917,0.53598,0.64646,0.01831,0.3905,0.36946,0.0,0.10063,0.71729,0.0,0.0,0.0,0.40733,0.0,1.0,0.0,0.0
0.7142,0.00663,0.00906,0.81158,0.0007,3.24454,0.73528,8.54813,0.53609,1.60214,0.01791,0.53457,0.27925,0.0,0.12774,0.67258,0.0,0.0,0.0,0.42854,0.0,0.89456,0.0,0.0
0.71589,0.00597,0.01118,0.71627,0.00039,2.7273,0.88052,7.8442,0.49199,1.17997,0.02673,0.51866,0.34005,0.0,0.12535,0.6134,0.0,0.0,0.0,0.60045,0.0,1.0,0.0,0.0
0.72749,0.00576,0.01001,0.85459,0.00068,2.4037,0.8373,7.03406,0.37618,1.48589,0.02329,0.59873,0.28039,0.0,0.12166,0.66905,0.0,0.0,0.0,0.41189,0.0,0.98368,0.0,0.0
0.72478,0.00658,0.00905,0.77505,0.00056,2.52517,0.79129,6.21316,0.51442,0.88964,0.02035,0.46449,0.3674,0.0,0.10063,0.70126,0.0,0.0,0.0,0.36809,0.0,0.95408,0.0,0.0
0.71744,0.00711,0.01013,0.84173,0.00062,2.40084,0.8131,6.74998,0.45019,1.47118,0.02256,0.48394,0.31256,0.0,0.11917,0.62773,0.0,0.0,0.0,0.45551,0.0,0.94962,0.0,0.0
0.69516,0.00417,0.01077,0.81893,0.0008,3.45621,0.69265,9.79318,0.40809,1.27557,0.01812,0.52996,0.28088,0.0,0.1512,0.95,0.0,0.0,0.0,0.50074,0.0,0.59274,0.0,0.0
0.72114,0.00588,0.00926,0.82271,0.00054,2.54165,0.84342,6.69277,0.46848,0.91935,0.02113,0.48689,0.35843,0.0,0.09905,0.64606,0.0,0.0,0.0,0.35709,0.0,0.89786,0.0,0.0
0.71333,0.00294,0.00908,0.82271,0.00058,2.80221,0.95,5.65725,0.46276,0.92549,0.02356,0.48621,0.34243,0.0,0.08115,0.60696,0.0,0.0,0.0,0.35204,0.0,0.94505,0.0,0.0
0.67604,0.00382,0.01215,0.98,0.00062,2.30015,0.69741,4.88919,0.45019,1.54309,0.02267,0.6713,0.3084,0.0,0.12166,0.44964,0.0,0.0,0.0,0.45551,0.0,1.0,0.0,0.0
0.71503,0.00663,0.00906,0.81893,0.0007,3.26951,0.73916,8.54559,0.53427,1.58212,0.01813,0.53457,0.2843,0.0,0.12937,0.66857,0.0,0.0,0.0,0.42563,0.0,0.90394,0.0,0.0
0.71523,0.00634,0.00855,0.82271,0.00053,2.52438,0.73221,6.99968,0.50482,1.01491,0.02023,0.53943,0.30998,0.0,0.10355,0.68293,0.0,0.0,0.0,0.3894,0.0,1.0,0.0,0.0
0.69921,0.00584,0.00905,0.88292,0.00045,2.6374,0.8142,6.63554,0.4142,0.94958,0.02034,0.48056,0.3549,0.0,0.10446,0.59762,0.0,0.0,0.0,0.31725,0.0,0.98553,0.0,0.0
0.70904,0.00743,0.01199,0.84212,0.00065,2.23682,0.77875,7.03406,0.38042,0.91454,0.02329,0.6599,0.16864,0.0,0.149,0.64117,0.0,0.0,0.0,0.36017,0.0,0.7647,0.0,0.0
0.70901,0.00578,0.00884,0.77976,0.00054,2.62807,0.8142,6.36902,0.46531,0.94839,0.02154,0.471,0.3674,0.0,0.10182,0.68214,0.0,0.0,0.0,0.3273,0.0,1.0,0.0,0.0
0.71904,0.0072,0.01076,0.8163,0.00062,2.53665,0.81667,6.72075,0.45129,1.47807,0.02143,0.50588,0.31158,0.0,0.12302,0.64201,0.0,0.0,0.0,0.44877,0.0,1.0,0.0,0.0
0.7056,0.00604,0.0107,0.66145,0.00062,2.87271,0.81559,7.3259,0.45019,1.55456,0.02204,0.50508,0.28101,0.0,0.13355,0.54791,0.0,0.0,0.0,0.45551,0.0,0.94411,0.0,0.0
0.70512,0.00539,0.00905,0.86524,0.00048,2.62675,0.80484,6.63554,0.47603,1.09466,0.02133,0.56665,0.31896,0.0,0.09098,0.7366,0.0,0.0,0.0,0.39822,0.0,1.0,0.0,0.0
0.71127,0.00711,0.0107,0.81851,0.00062,2.50691,0.81872,6.86533,0.44607,1.47211,0.02125,0.52784,0.31171,0.0,0.12364,0.62906,0.0,0.0,0.0,0.46031,0.0,0.9973,0.0,0.0
0.71491,0.0037,0.00905,0.82271,0.00051,1.97524,0.57386,6.27085,0.24895,0.92279,0.02023,0.53655,0.31667,0.0,0.11396,0.71373,0.0,0.0,0.0,0.43069,0.0,1.0,0.0,0.0
0.7184,0.00387,0.00952,0.82271,0.00046,2.52517,0.50235,6.63554,0.52574,0.85898,0.02017,0.41538,0.4032,0.0,0.08092,0.50504,0.0,0.0,0.0,0.35204,0.0,1.0,0.0,0.0
0.58287,0.00618,0.0083,0.98,0.00062,3.23794,0.70752,9.16121,0.61846,1.20341,0.01812,0.42824,0.21931,0.0,0.11121,0.76824,0.0,0.0,0.0,0.50385,0.0,1.0,0.0,0.0
0.70596,0.00659,0.00808,0.79369,0.00058,2.02502,0.48361,6.88791,0.41316,0.95073,0.01951,0.48056,0.36127,0.0,0.10478,0.64606,0.0,0.0,0.0,0.35245,0.0,0.83681,0.0,0.0
0.71099,0.00689,0.00906,0.81614,0.0007,3.11986,0.79662,8.54813,0.53476,1.56078,0.01824,0.57242,0.28502,0.0,0.12685,0.67298,0.0,0.0,0.0,0.43568,0.0,0.86586,0.0,0.0
0.71387,0.00628,0.00926,0.70787,0.00067,2.84946,0.69721,8.04053,0.45019,1.87771,0.0257,0.41117,0.31215,0.0,0.13501,0.4493,0.0,0.0,0.0,0.37342,0.0,1.0,0.0,0.0
0.70951,0.00611,0.00905,0.89812,0.00054,2.52517,0.84638,6.63554,0.47603,0.95264,0.02133,0.47228,0.37498,0.0,0.10063,0.59809,0.0,0.0,0.0,0.36857,0.0,0.95408,0.0,0.0
0.72119,0.00687,0.00913,0.81893,0.0007,3.31468,0.75858,8.45354,0.53622,1.58132,0.01801,0.52279,0.27641,0.0,0.12697,0.69134,0.0,0.0,0.0,0.43777,0.0,0.89723,0.0,0.0
0.71541,0.00812,0.00851,0.69128,0.00056,2.36467,0.86145,8.14958,0.54869,1.04847,0.02133,0.537,0.3674,0.0,0.10219,0.62621,0.0,0.0,0.0,0.35204,0.0,0.94197,0.0,0.0
0.72284,0.00493,0.00701,0.71929,0.00055,2.17342,0.86384,7.41368,0.47603,0.70992,0.02106,0.5473,0.37235,0.0,0.11462,0.68686,0.0,0.0,0.0,0.39981,0.0,1.0,0.0,0.0
0.71683,0.00737,0.01243,0.82271,0.00062,2.13525,0.95,6.88023,0.45019,1.46955,0.01949,0.53726,0.20206,0.0,0.13758,0.60622,0.0,0.0,0.0,0.45551,0.0,1.0,0.0,0.0
0.71267,0.00505,0.01032,0.63521,0.00059,2.52517,0.71201,6.08317,0.47603,0.93571,0.0193,0.44168,0.33583,0.0,0.11719,0.73664,0.0,0.0,0.0,0.3331,0.0,0.99245,0.0,0.0
0.71389,0.00473,0.00818,0.70609,0.0006,2.52517,0.8142,6.80912,0.49923,0.80207,0.02273,0.4191,0.37184,0.0,0.10063,0.64606,0.0,0.0,0.0,0.37071,0.0,0.95408,0.0,0.0
0.7126,0.00658,0.00896,0.79495,0.00056,2.52517,0.83381,5.51598,0.55871,0.91149,0.02067,0.48056,0.3674,0.0,0.11358,0.70347,0.0,0.0,0.0,0.31236,0.0,0.98328,0.0,0.0
0.69934,0.00782,0.01346,0.65841,0.00075,2.52517,0.82057,8.71393,0.36153,1.62803,0.0178,0.6202,0.31745,0.0,0.0771,0.59034,0.0,0.0,0.0,0.52898,0.0,1.0,0.0,0.0
0.71918,0.00595,0.00913,0.82271,0.00048,2.52517,0.81614,6.63554,0.49376,0.81481,0.01845,0.47961,0.33774,0.0,0.09435,0.69786,0.0,0.0,0.0,0.32319,0.0,0.95408,0.0,0.0
0.71192,0.0067,0.00905,0.77336,0.00049,2.49474,0.79299,6.63554,0.47603,0.9254,0.02232,0.48876,0.35404,0.0,0.10063,0.66357,0.0,0.0,0.0,0.35204,0.0,0.97472,0.0,0.0
0.71679,0.00584,0.0089,0.82805,0.00053,2.51223,0.80613,6.5869,0.47415,0.90152,0.02133,0.47779,0.3674,0.0,0.10063,0.64776,0.0,0.0,0.0,0.34897,0.0,0.96177,0.0,0.0
0.70963,0.00594,0.00906,0.84767,0.00052,2.52517,0.81617,6.63554,0.48814,0.91149,0.02171,0.47666,0.36321,0.0,0.10063,0.6506,0.0,0.0,0.0,0.34954,0.0,0.97064,0.0,0.0
0.71448,0.00677,0.01074,0.6719,0.00051,2.52517,0.77774,7.84348,0.48593,1.30555,0.01871,0.6429,0.30763,0.0,0.12302,0.73926,0.0,0.0,0.0,0.4858,0.0,1.0,0.0,0.0
0.70369,0.00627,0.01048,0.81963,0.0005,2.1671,0.78288,6.34538,0.50027,0.88472,0.02032,0.50843,0.3829,0.0,0.11294,0.7183,0.0,0.0,0.0,0.35204,0.0,0.9607,0.0,0.0
0.7226,0.00589,0.00817,0.62222,0.00031,3.12213,0.95,6.63554,0.44491,0.8194,0.01938,0.4834,0.34094,0.0,0.10063,0.74976,0.0,0.0,0.0,0.30678,0.0,0.91615,0.0,0.0
0.71376,0.00749,0.01147,0.78895,0.00066,2.60436,0.90076,7.48621,0.4646,1.3485,0.02133,0.43266,0.31115,0.0,0.13128,0.64191,0.0,0.0,0.0,0.44282,0.0,0.92622,0.0,0.0
0.71405,0.00657,0.00944,0.84152,0.00046,2.69709,0.77911,8.74715,0.532,0.91543,0.01897,0.46165,0.3674,0.0,0.10063,0.68799,0.0,0.0,0.0,0.35204,0.0,0.95408,0.0,0.0
0.69303,0.00762,0.01068,0.90134,0.00065,2.09209,0.95,7.75674,0.5348,1.55881,0.02133,0.57976,0.23952,0.0,0.11393,0.58805,0.0,0.0,0.0,0.45551,0.0,1.0,0.0,0.0
0.71339,0.00576,0.01001,0.77844,0.00068,1.88211,0.8373,8.03687,0.37618,1.72838,0.01869,0.53127,0.2449,0.0,0.12166,0.65801,0.0,0.0,0.0,0.40318,0.0,0.98368,0.0,0.0
0.71003,0.00584,0.00905,0.93956,0.00053,2.16807,0.8142,5.95571,0.39867,0.91149,0.02128,0.42512,0.36548,0.0,0.096,0.64606,0.0,0.0,0.0,0.38811,0.0,0.99274,0.0,0.0
0.72044,0.00574,0.00905,0.84094,0.00053,2.55515,0.79334,6.72313,0.47351,0.92037,0.02133,0.47938,0.36597,0.0,0.10104,0.65003,0.0,0.0,0.0,0.35762,0.0,0.93864,0.0,0.0
0.71969,0.00707,0.00905,0.84776,0.00046,2.86879,0.8142,6.30641,0.54273,1.02179,0.02024,0.50355,0.3674,0.0,0.07255,0.51394,0.0,0.0,0.0,0.35497,0.0,1.0,0.0,0.0
0.72009,0.00584,0.00772,0.82271,0.00051,2.22762,0.8142,6.63554,0.52927,0.91756,0.02179,0.44944,0.3674,0.0,0.09343,0.66024,0.0,0.0,0.0,0.35204,0.0,0.92956,0.0,0.0
0.7192,0.00584,0.01013,0.8534,0.0005,2.52517,0.76429,5.86833,0.51246,0.89813,0.02275,0.48056,0.34498,0.0,0.08709,0.66012,0.0,0.0,0.0,0.35204,0.0,1.0,0.0,0.0
0.72604,0.00672,0.00912,0.82334,0.0007,3.26029,0.72936,8.61055,0.53357,1.58021,0.01834,0.53695,0.28088,0.0,0.12805,0.68365,0.0,0.0,0.0,0.42341,0.0,0.90394,0.0,0.0
0.70519,0.00774,0.01123,0.6,0.00048,2.52517,0.82245,9.09301,0.43373,1.73395,0.03067,0.62258,0.33009,0.0,0.16014,0.72445,0.0,0.0,0.0,0.45551,0.0,1.0,0.0,0.0
0.71957,0.00584,0.00902,0.81113,0.00053,2.52517,0.81574,6.63554,0.47967,0.8817,0.02101,0.48182,0.3674,0.0,0.10063,0.64606,0.0,0.0,0.0,0.34389,0.0,0.95302,0.0,0.0
0.71996,0.00584,0.00848,0.8541,0.0005,2.52517,0.8142,6.63554,0.53216,0.91149,0.02133,0.48951,0.3674,0.0,0.11044,0.68815,0.0,0.0,0.0,0.36868,0.0,1.0,0.0,0.0
0.71724,0.00663,0.0084,0.85546,0.00067,2.58083,0.95,6.75064,0.41692,1.66125,0.01457,0.4723,0.26014,0.0,0.1222,0.64606,0.0,0.0,0.0,0.55197,0.0,0.91324,0.0,0.0
0.71382,0.00567,0.0092,0.84012,0.00056,2.52517,0.80004,6.4693,0.50916,0.92533,0.02111,0.45871,0.36868,0.0,0.10272,0.63835,0.0,0.0,0.0,0.35204,0.0,0.90482,0.0,0.0
0.71284,0.00851,0.0107,0.82271,0.00073,2.52517,0.85663,5.55118,0.44798,1.20568,0.02152,0.59483,0.39854,0.0,0.13309,0.64552,0.0,0.0,0.0,0.55046,0.0,1.0,0.0,0.0
0.70827,0.00571,0.01001,0.83833,0.00068,2.4037,0.8499,7.06733,0.38285,1.48292,0.02242,0.57914,0.28485,0.0,0.12137,0.67556,0.0,0.0,0.0,0.41358,0.0,0.95542,0.0,0.0
0.70962,0.00584,0.00769,0.70621,0.00056,3.06709,0.8142,5.09235,0.60565,0.77684,0.02317,0.48056,0.47252,0.0,0.11349,0.53443,0.0,0.0,0.0,0.3255,0.0,1.0,0.0,0.0
0.71605,0.00819,0.00912,0.82271,0.00062,1.90526,0.63618,6.10103,0.51845,1.61948,0.02133,0.34974,0.29315,0.0,0.10467,0.32845,0.0,0.0,0.0,0.45551,0.0,0.74827,0.0,0.0
0.69565,0.00497,0.00799,0.92635,0.00058,2.86027,0.73362,7.23632,0.47603,0.98145,0.02586,0.45245,0.34427,0.0,0.07861,0.64606,0.0,0.0,0.0,0.32777,0.0,1.0,0.0,0.0
0.64419,0.00612,0.01083,0.96811,0.00065,2.30455,0.8272,7.58521,0.45019,1.46955,0.02375,0.58645,0.33011,0.0,0.0724,0.64606,0.0,0.0,0.0,0.44763,0.0,1.0,0.0,0.0
0.72108,0.00584,0.00843,0.71616,0.00046,2.69332,0.82592,6.63554,0.5329,0.91149,0.01953,0.52918,0.37429,0.0,0.10063,0.64606,0.0,0.0,0.0,0.33784,0.0,0.95408,0.0,0.0
0.70091,0.00538,0.0097,0.6,0.00058,2.52517,0.83039,4.80433,0.40872,0.91149,0.02455,0.46516,0.38044,0.0,0.11596,0.90948,0.0,0.0,0.0,0.37241,0.0,0.83812,0.0,0.0
0.70938,0.0079,0.0099,0.81077,0.00063,2.19517,0.67901,7.2622,0.49313,0.94235,0.0249,0.59885,0.3674,0.0,0.10063,0.82725,0.0,0.0,0.0,0.4081,0.0,0.95408,0.0,0.0
0.70859,0.00701,0.00934,0.79638,0.00053,2.47436,0.9153,7.1397,0.45248,1.13187,0.01649,0.34212,0.32101,0.0,0.10063,0.61991,0.0,0.0,0.0,0.29374,0.0,0.99531,0.0,0.0
0.71564,0.00683,0.00789,0.62907,0.00062,2.78572,0.80768,6.40094,0.47603,1.06108,0.02133,0.52498,0.27532,0.0,0.08014,0.64606,0.0,0.0,0.0,0.36491,0.0,0.95408,0.0,0.0
0.64003,0.0061,0.01109,0.95003,0.00062,2.69133,0.87383,8.34301,0.40506,1.16224,0.02139,0.51197,0.25196,0.0,0.12874,0.64606,0.0,0.0,0.0,0.45551,0.0,1.0,0.0,0.0
0.73298,0.00584,0.00836,0.80033,0.00057,2.52517,0.83461,6.75903,0.44909,0.93617,0.02038,0.52552,0.39778,0.0,0.10446,0.64606,0.0,0.0,0.0,0.35215,0.0,0.95408,0.0,0.0
0.70991,0.00556,0.00906,0.81604,0.00073,3.2631,0.66403,8.54813,0.51402,1.52135,0.01762,0.46489,0.28088,0.0,0.11791,0.68547,0.0,0.0,0.0,0.38855,0.0,0.96374,0.0,0.0
0.71729,0.00564,0.00898,0.80364,0.00054,2.52517,0.7796,6.8564,0.47603,0.87116,0.02091,0.45921,0.35291,0.0,0.10063,0.65367,0.0,0.0,0.0,0.36533,0.0,0.91497,0.0,0.0
0.72187,0.00593,0.00885,0.82226,0.00055,2.54028,0.87165,6.60379,0.44909,0.92075,0.02038,0.53094,0.37869,0.0,0.11152,0.64606,0.0,0.0,0.0,0.36537,0.0,0.95408,0.0,0.0
0.71882,0.00582,0.00816,0.79312,0.00057,2.54891,0.83724,6.71076,0.44909,0.94944,0.02075,0.52571,0.39531,0.0,0.10537,0.65743,0.0,0.0,0.0,0.34437,0.0,0.95407,0.0,0.0
0.71494,0.00667,0.00818,0.6,0.00058,2.33397,0.95,4.00494,0.34741,0.90501,0.02004,0.50707,0.34606,0.0,0.12331,0.78731,0.0,0.0,0.0,0.33973,0.0,1.0,0.0,0.0
0.71264,0.00483,0.00836,0.77954,0.0006,2.73702,0.93275,6.33662,0.42086,0.83389,0.0187,0.52552,0.32956,0.0,0.09767,0.64606,0.0,0.0,0.0,0.35431,0.0,1.0,0.0,0.0
0.71229,0.00584,0.00905,0.84214,0.00043,2.77426,0.93366,6.63554,0.47603,0.9576,0.01999,0.44372,0.3674,0.0,0.10063,0.72861,0.0,0.0,0.0,0.29408,0.0,0.88093,0.0,0.0
0.71663,0.00525,0.00836,0.80033,0.00068,2.51012,0.92225,6.75903,0.48936,0.93617,0.02038,0.52552,0.34176,0.0,0.09576,0.64606,0.0,0.0,0.0,0.30247,0.0,0.9646,0.0,0.0
0.61049,0.00519,0.00836,0.98,0.0006,2.57605,0.91437,7.46479,0.44626,1.0804,0.0209,0.52552,0.38201,0.0,0.07182,0.64606,0.0,0.0,0.0,0.28668,0.0,1.0,0.0,0.0
0.70963,0.00583,0.00973,0.76015,0.00053,2.28175,0.86042,6.63554,0.47603,0.83748,0.01998,0.47846,0.36463,0.0,0.10077,0.66614,0.0,0.0,0.0,0.33504,0.0,0.86994,0.0,0.0
0.72671,0.00574,0.00905,0.81961,0.00052,2.44447,0.7638,6.16399,0.46564,0.91149,0.02133,0.5438,0.33268,0.0,0.09469,0.60234,0.0,0.0,0.0,0.395,0.0,0.95408,0.0,0.0
0.72386,0.00721,0.01057,0.82338,0.00064,2.46038,0.87336,6.6547,0.45347,1.34821,0.02095,0.51793,0.30218,0.0,0.12083,0.61389,0.0,0.0,0.0,0.48071,0.0,0.96223,0.0,0.0
0.71388,0.00665,0.01146,0.82271,0.00052,2.52517,0.77,6.90819,0.37927,1.44269,0.01717,0.51843,0.29905,0.0,0.11458,0.64852,0.0,0.0,0.0,0.43047,0.0,0.91222,0.0,0.0
0.73372,0.00584,0.00991,0.80317,0.00051,2.61807,0.88173,6.67813,0.47603,0.80907,0.02161,0.41883,0.3674,0.0,0.11461,0.62893,0.0,0.0,0.0,0.27052,0.0,0.92589,0.0,0.0
