epoch,time,train/giou_loss,train/cls_loss,train/l1_loss,metrics/precision(B),metrics/recall(B),metrics/mAP50(B),metrics/mAP50-95(B),val/giou_loss,val/cls_loss,val/l1_loss,lr/pg0,lr/pg1,lr/pg2
1,68.9805,2.1957,0.60509,2.67193,0.00091,0.07521,0.0007,0.00015,2.04042,0.20835,1.57643,0.0669075,6.63176e-05,6.63176e-05
2,138.062,1.56787,0.44926,1.59516,0.00263,0.21727,0.01215,0.00245,1.54554,0.38304,1.14666,0.0336406,0.000132721,0.000132721
3,207.368,1.06625,0.84231,0.92981,0.01692,0.66574,0.07636,0.02692,0.90425,0.87242,0.37798,0.00037338,0.00019886,0.00019886
4,276.073,0.72422,1.15133,0.55234,0.05676,0.60724,0.07759,0.04299,0.61843,1.07429,0.21669,0.000198812,0.000198812,0.000198812
5,345.21,0.58281,1.24996,0.42235,0.13154,0.5376,0.17191,0.09076,0.51903,1.13389,0.17158,0.000198416,0.000198416,0.000198416
6,413.938,0.54707,1.25137,0.38406,0.18555,0.45125,0.21413,0.10629,0.49077,1.09719,0.15985,0.00019802,0.00019802,0.00019802
7,483.203,0.47649,1.28195,0.32294,0.16953,0.45125,0.18968,0.11644,0.45332,1.07078,0.16668,0.000197624,0.000197624,0.000197624
8,551.88,0.43905,1.31429,0.30731,0.16515,0.51854,0.1774,0.11357,0.41664,1.1459,0.13514,0.000197228,0.000197228,0.000197228
9,620.899,0.41878,1.27859,0.2717,0.19683,0.53203,0.22666,0.1412,0.41896,1.0564,0.13283,0.000196832,0.000196832,0.000196832
10,689.708,0.40647,1.26597,0.2569,0.22368,0.49025,0.22855,0.13752,0.39096,1.15721,0.12116,0.000196436,0.000196436,0.000196436
11,758.538,0.35108,1.29875,0.22812,0.20415,0.44011,0.24067,0.16487,0.35414,1.09368,0.11646,0.00019604,0.00019604,0.00019604
12,827.176,0.36938,1.29641,0.24319,0.22359,0.49025,0.26361,0.18133,0.37712,1.03783,0.13869,0.000195644,0.000195644,0.000195644
13,896.215,0.35592,1.26427,0.23491,0.24306,0.48747,0.26068,0.17492,0.33935,1.01652,0.10551,0.000195248,0.000195248,0.000195248
14,964.76,0.36374,1.24911,0.23107,0.27068,0.48279,0.32091,0.21086,0.35952,1.04005,0.12592,0.000194852,0.000194852,0.000194852
15,1034.11,0.36285,1.1614,0.22887,0.39718,0.59463,0.44057,0.29801,0.36286,0.92337,0.11697,0.000194456,0.000194456,0.000194456
16,1102.82,0.37553,0.89574,0.267,0.61425,0.75209,0.70218,0.4935,0.39786,0.73676,0.14344,0.00019406,0.00019406,0.00019406
17,1171.94,0.38906,0.75714,0.27273,0.63356,0.73816,0.69055,0.46389,0.38223,0.70305,0.13446,0.000193664,0.000193664,0.000193664
18,1240.62,0.37338,0.73935,0.26322,0.77397,0.77258,0.78987,0.55297,0.3871,0.56704,0.13988,0.000193268,0.000193268,0.000193268
19,1309.77,0.3899,0.69329,0.2802,0.77181,0.81026,0.80498,0.56635,0.35862,0.58785,0.12737,0.000192872,0.000192872,0.000192872
20,1378.54,0.37762,0.69814,0.27471,0.74882,0.78891,0.81128,0.57512,0.36512,0.60857,0.12539,0.000192476,0.000192476,0.000192476
21,1447.68,0.35016,0.70205,0.2487,0.76189,0.84123,0.81554,0.58769,0.36025,0.61773,0.13235,0.00019208,0.00019208,0.00019208
22,1516.24,0.35875,0.7181,0.25413,0.80905,0.85794,0.86152,0.61151,0.35391,0.55313,0.12973,0.000191684,0.000191684,0.000191684
23,1585.46,0.35452,0.69212,0.26456,0.85144,0.80223,0.83336,0.59682,0.34447,0.57463,0.11456,0.000191288,0.000191288,0.000191288
24,1654,0.32895,0.71191,0.23198,0.83116,0.83647,0.85797,0.61281,0.3524,0.53076,0.1206,0.000190892,0.000190892,0.000190892
25,1723.09,0.35431,0.72402,0.25584,0.86108,0.79423,0.82221,0.5847,0.35177,0.64733,0.12363,0.000190496,0.000190496,0.000190496
26,1791.62,0.33005,0.70089,0.24308,0.83711,0.84123,0.8854,0.63104,0.33606,0.51984,0.11654,0.0001901,0.0001901,0.0001901
27,1860.61,0.34364,0.65339,0.24248,0.82787,0.84399,0.87596,0.61576,0.34756,0.61679,0.12351,0.000189704,0.000189704,0.000189704
28,1929.07,0.33548,0.644,0.23211,0.8563,0.81335,0.87811,0.62681,0.34046,0.56318,0.11763,0.000189308,0.000189308,0.000189308
29,1997.89,0.33209,0.73565,0.2513,0.84891,0.83844,0.88913,0.64114,0.32456,0.57408,0.11117,0.000188912,0.000188912,0.000188912
30,2066.66,0.32958,0.69037,0.23727,0.82343,0.83287,0.88648,0.63849,0.35215,0.48864,0.13275,0.000188516,0.000188516,0.000188516
31,2135.67,0.33979,0.67455,0.23976,0.86214,0.81616,0.87938,0.63261,0.35549,0.56697,0.14197,0.00018812,0.00018812,0.00018812
32,2204.17,0.30582,0.62437,0.20249,0.83179,0.84022,0.86954,0.6254,0.34106,0.54125,0.12414,0.000187724,0.000187724,0.000187724
33,2273.25,0.33791,0.61817,0.25788,0.86558,0.84307,0.88058,0.64155,0.35815,0.50551,0.12675,0.000187328,0.000187328,0.000187328
34,2341.74,0.32318,0.63709,0.23428,0.89678,0.82283,0.89104,0.64875,0.32972,0.51974,0.1088,0.000186932,0.000186932,0.000186932
35,2410.75,0.32395,0.5843,0.2348,0.90014,0.84958,0.91601,0.66296,0.32608,0.59171,0.11385,0.000186536,0.000186536,0.000186536
36,2479.48,0.32136,0.62211,0.21345,0.86413,0.83263,0.88617,0.63519,0.32739,0.59527,0.11676,0.00018614,0.00018614,0.00018614
37,2548.51,0.317,0.59777,0.24144,0.85175,0.8273,0.86127,0.62118,0.33789,0.50452,0.1201,0.000185744,0.000185744,0.000185744
38,2617.06,0.32411,0.55929,0.23961,0.84508,0.82051,0.87913,0.64661,0.33288,0.49773,0.1197,0.000185348,0.000185348,0.000185348
39,2685.81,0.31726,0.56223,0.2302,0.84301,0.84401,0.88572,0.65366,0.32594,0.52247,0.11469,0.000184952,0.000184952,0.000184952
40,2754.16,0.32279,0.59025,0.23965,0.85365,0.82861,0.88766,0.6459,0.32837,0.54055,0.11203,0.000184556,0.000184556,0.000184556
41,2823.05,0.32117,0.57461,0.23091,0.81901,0.84451,0.87933,0.63991,0.34244,0.58268,0.1166,0.00018416,0.00018416,0.00018416
42,2891.57,0.31864,0.57799,0.22915,0.83765,0.86351,0.89129,0.64175,0.34541,0.51759,0.11718,0.000183764,0.000183764,0.000183764
43,2960.53,0.3065,0.5896,0.21883,0.84915,0.84669,0.88713,0.65024,0.32656,0.69243,0.11211,0.000183368,0.000183368,0.000183368
44,3029.02,0.28932,0.58195,0.20245,0.87934,0.85794,0.90774,0.66845,0.31554,0.58351,0.10991,0.000182972,0.000182972,0.000182972
45,3098.03,0.30761,0.54338,0.21897,0.85627,0.86294,0.89918,0.65674,0.33035,0.52989,0.11414,0.000182576,0.000182576,0.000182576
46,3166.69,0.30004,0.57236,0.2162,0.84817,0.84027,0.89566,0.65862,0.34223,0.57895,0.11717,0.00018218,0.00018218,0.00018218
47,3235.76,0.30701,0.55972,0.21953,0.83901,0.87104,0.9153,0.66955,0.32327,0.55402,0.11481,0.000181784,0.000181784,0.000181784
48,3304.55,0.28456,0.53746,0.20324,0.83857,0.86908,0.89727,0.65243,0.33356,0.55653,0.11423,0.000181388,0.000181388,0.000181388
49,3373.58,0.29668,0.53309,0.20062,0.83323,0.8629,0.87298,0.63158,0.366,0.51623,0.15534,0.000180992,0.000180992,0.000180992
50,3442.18,0.28079,0.57444,0.20256,0.86389,0.84859,0.90945,0.64113,0.34599,0.47977,0.12013,0.000180596,0.000180596,0.000180596
51,3511.04,0.28355,0.55258,0.20508,0.8375,0.87465,0.89903,0.65133,0.33782,0.50649,0.11998,0.0001802,0.0001802,0.0001802
52,3579.64,0.31449,0.52761,0.22293,0.86861,0.84958,0.91298,0.64664,0.35276,0.47033,0.12744,0.000179804,0.000179804,0.000179804
53,3648.66,0.28799,0.52133,0.20231,0.84086,0.86072,0.9012,0.63404,0.36293,0.54124,0.12858,0.000179408,0.000179408,0.000179408
54,3717.26,0.28045,0.51369,0.206,0.83937,0.8468,0.88019,0.64503,0.36655,0.49831,0.14525,0.000179012,0.000179012,0.000179012
55,3786.23,0.29607,0.52141,0.2246,0.8712,0.829,0.88905,0.65585,0.32747,0.48284,0.11608,0.000178616,0.000178616,0.000178616
56,3854.95,0.29287,0.49466,0.20335,0.85851,0.87886,0.90338,0.65885,0.34207,0.52831,0.11865,0.00017822,0.00017822,0.00017822
57,3924.14,0.27494,0.50891,0.20972,0.86038,0.85794,0.91434,0.66193,0.33871,0.4861,0.12209,0.000177824,0.000177824,0.000177824
58,3992.76,0.27568,0.52948,0.19007,0.84259,0.84992,0.89712,0.65735,0.33011,0.47781,0.11658,0.000177428,0.000177428,0.000177428
59,4061.82,0.28594,0.52008,0.20738,0.80966,0.87744,0.9075,0.66648,0.32653,0.51456,0.11799,0.000177032,0.000177032,0.000177032
60,4130.55,0.28742,0.49265,0.20284,0.84548,0.85794,0.88761,0.64578,0.36675,0.45639,0.13655,0.000176636,0.000176636,0.000176636
61,4199.48,0.27438,0.49854,0.20309,0.84425,0.87187,0.91294,0.66534,0.33601,0.48522,0.11421,0.00017624,0.00017624,0.00017624
62,4267.95,0.27176,0.50978,0.18839,0.84957,0.8663,0.91061,0.65543,0.34115,0.49559,0.11815,0.000175844,0.000175844,0.000175844
63,4336.85,0.26845,0.49968,0.19281,0.84333,0.86966,0.91298,0.64737,0.3521,0.45708,0.12525,0.000175448,0.000175448,0.000175448
64,4405.38,0.2724,0.50199,0.1951,0.84271,0.8663,0.90808,0.66294,0.3323,0.4699,0.11869,0.000175052,0.000175052,0.000175052
65,4474.25,0.28018,0.50424,0.20018,0.80523,0.89694,0.89845,0.65014,0.33868,0.51783,0.11851,0.000174656,0.000174656,0.000174656
66,4542.9,0.27543,0.53471,0.20358,0.78685,0.87465,0.88496,0.64012,0.34608,0.54944,0.12094,0.00017426,0.00017426,0.00017426
67,4611.85,0.27354,0.50946,0.1917,0.83293,0.87487,0.9118,0.6685,0.33611,0.5331,0.11964,0.000173864,0.000173864,0.000173864
68,4680.42,0.27499,0.52534,0.20186,0.8247,0.88858,0.91569,0.67329,0.32928,0.51913,0.12036,0.000173468,0.000173468,0.000173468
69,4749.54,0.2743,0.49752,0.20616,0.80562,0.87744,0.90664,0.6596,0.32707,0.51125,0.11916,0.000173072,0.000173072,0.000173072
70,4818.18,0.26364,0.48935,0.18208,0.8371,0.8663,0.88267,0.64457,0.34088,0.51906,0.13268,0.000172676,0.000172676,0.000172676
71,4887.01,0.27394,0.50416,0.19285,0.82452,0.85794,0.89162,0.65814,0.33687,0.49797,0.13676,0.00017228,0.00017228,0.00017228
72,4955.53,0.26922,0.52349,0.19567,0.84272,0.90251,0.92444,0.67269,0.32869,0.49478,0.11572,0.000171884,0.000171884,0.000171884
73,5024.76,0.269,0.48951,0.18511,0.85864,0.87983,0.91114,0.6581,0.3373,0.47841,0.12234,0.000171488,0.000171488,0.000171488
74,5093.38,0.26125,0.46559,0.18851,0.88629,0.84675,0.90471,0.64625,0.365,0.46875,0.14719,0.000171092,0.000171092,0.000171092
75,5162.36,0.26632,0.4932,0.18693,0.84752,0.88248,0.90597,0.65158,0.36814,0.47995,0.1448,0.000170696,0.000170696,0.000170696
76,5230.93,0.27899,0.49644,0.19823,0.8468,0.85515,0.89475,0.65054,0.33354,0.4715,0.11928,0.0001703,0.0001703,0.0001703
77,5299.97,0.27402,0.49471,0.20071,0.89245,0.82173,0.90214,0.65828,0.33706,0.49006,0.11263,0.000169904,0.000169904,0.000169904
78,5368.45,0.24637,0.44025,0.17789,0.83651,0.85515,0.90289,0.65942,0.33963,0.46177,0.12484,0.000169508,0.000169508,0.000169508
79,5437.27,0.26717,0.45576,0.18829,0.87027,0.8663,0.90724,0.66172,0.33445,0.46986,0.11951,0.000169112,0.000169112,0.000169112
80,5505.84,0.25168,0.47745,0.19199,0.84527,0.88579,0.91657,0.66618,0.33911,0.50513,0.12768,0.000168716,0.000168716,0.000168716
81,5574.83,0.25027,0.49173,0.18086,0.84655,0.89136,0.9227,0.67955,0.31701,0.48919,0.11191,0.00016832,0.00016832,0.00016832
82,5643.6,0.25689,0.48182,0.18174,0.84231,0.83844,0.91032,0.65046,0.34763,0.51059,0.11355,0.000167924,0.000167924,0.000167924
83,5712.75,0.26291,0.47261,0.204,0.83341,0.85794,0.89258,0.65665,0.35852,0.48419,0.1299,0.000167528,0.000167528,0.000167528
84,5781.29,0.26339,0.4702,0.19169,0.87397,0.84996,0.91597,0.66691,0.33624,0.46133,0.11879,0.000167132,0.000167132,0.000167132
85,5850.43,0.26478,0.46844,0.19277,0.90632,0.83538,0.9198,0.66966,0.3339,0.47166,0.11935,0.000166736,0.000166736,0.000166736
86,5919.15,0.2498,0.49292,0.18027,0.88272,0.85237,0.91337,0.65825,0.34507,0.45636,0.13168,0.00016634,0.00016634,0.00016634
87,5988.2,0.25373,0.44167,0.19155,0.87867,0.86742,0.9129,0.65316,0.34069,0.46809,0.12422,0.000165944,0.000165944,0.000165944
88,6056.76,0.24923,0.47231,0.19038,0.85908,0.89694,0.91536,0.67061,0.34373,0.47429,0.12524,0.000165548,0.000165548,0.000165548
89,6125.71,0.24244,0.461,0.16863,0.88237,0.87465,0.90292,0.6546,0.34812,0.50485,0.1313,0.000165152,0.000165152,0.000165152
90,6194.09,0.23692,0.46699,0.1748,0.86328,0.87943,0.91218,0.65835,0.33679,0.46407,0.12632,0.000164756,0.000164756,0.000164756
91,6262.85,0.24989,0.44509,0.17,0.89625,0.84221,0.90318,0.65685,0.33881,0.4712,0.12269,0.00016436,0.00016436,0.00016436
92,6331.09,0.24297,0.47264,0.18772,0.85189,0.86516,0.9068,0.65213,0.35147,0.48081,0.12477,0.000163964,0.000163964,0.000163964
93,6399.91,0.25014,0.46881,0.17505,0.86455,0.8468,0.89125,0.64626,0.35794,0.47518,0.13885,0.000163568,0.000163568,0.000163568
94,6468.31,0.23705,0.46926,0.16928,0.86011,0.88301,0.92183,0.66724,0.32648,0.47978,0.11954,0.000163172,0.000163172,0.000163172
95,6537.2,0.24415,0.44281,0.17523,0.85542,0.88301,0.91159,0.66187,0.33549,0.47529,0.12147,0.000162776,0.000162776,0.000162776
96,6605.43,0.23604,0.45581,0.16661,0.84844,0.90251,0.91908,0.67476,0.31987,0.4659,0.11717,0.00016238,0.00016238,0.00016238
97,6674.17,0.25039,0.45716,0.19187,0.85041,0.8663,0.91235,0.67419,0.32313,0.48309,0.11852,0.000161984,0.000161984,0.000161984
98,6742.57,0.23733,0.4605,0.16322,0.86486,0.85568,0.90066,0.65715,0.33536,0.49285,0.12198,0.000161588,0.000161588,0.000161588
99,6811.18,0.24573,0.45599,0.17757,0.84345,0.90251,0.90951,0.66156,0.33192,0.47255,0.122,0.000161192,0.000161192,0.000161192
100,6879.7,0.24433,0.44674,0.16833,0.85092,0.89037,0.92255,0.65698,0.34267,0.4854,0.12779,0.000160796,0.000160796,0.000160796
101,6948.38,0.23511,0.44203,0.16601,0.88301,0.86351,0.91835,0.6683,0.34232,0.45474,0.12372,0.0001604,0.0001604,0.0001604
102,7016.85,0.24096,0.45082,0.17775,0.86329,0.88858,0.91497,0.67293,0.32623,0.46887,0.11685,0.000160004,0.000160004,0.000160004
103,7085.7,0.24105,0.43086,0.16725,0.87906,0.87744,0.90899,0.6697,0.33472,0.46814,0.14143,0.000159608,0.000159608,0.000159608
104,7154.09,0.24028,0.42761,0.16574,0.85053,0.88763,0.92369,0.6748,0.33575,0.51105,0.1175,0.000159212,0.000159212,0.000159212
105,7222.94,0.24582,0.42893,0.17196,0.86245,0.86072,0.91169,0.67429,0.32492,0.46804,0.11402,0.000158816,0.000158816,0.000158816
106,7291.53,0.23178,0.45376,0.18499,0.87573,0.84409,0.90183,0.65622,0.33798,0.46977,0.12906,0.00015842,0.00015842,0.00015842
107,7360.33,0.23054,0.46218,0.17296,0.86731,0.86351,0.91896,0.66548,0.34354,0.44799,0.12474,0.000158024,0.000158024,0.000158024
108,7428.75,0.23955,0.45743,0.17641,0.8524,0.8468,0.90632,0.66438,0.33024,0.47616,0.1203,0.000157628,0.000157628,0.000157628
109,7497.52,0.23231,0.43365,0.16553,0.86579,0.84123,0.88755,0.63837,0.34372,0.51478,0.13007,0.000157232,0.000157232,0.000157232
110,7565.89,0.23431,0.43153,0.16929,0.83201,0.90251,0.91371,0.6652,0.33171,0.48678,0.11782,0.000156836,0.000156836,0.000156836
111,7634.63,0.23718,0.43339,0.17135,0.86446,0.86908,0.91785,0.66628,0.32362,0.47288,0.10996,0.00015644,0.00015644,0.00015644
112,7702.96,0.22874,0.42293,0.16238,0.86099,0.87992,0.92052,0.66505,0.34133,0.47648,0.12291,0.000156044,0.000156044,0.000156044
113,7771.58,0.2299,0.42525,0.1689,0.81954,0.89972,0.9139,0.67155,0.32567,0.48852,0.11768,0.000155648,0.000155648,0.000155648
114,7839.63,0.22573,0.41546,0.16203,0.82872,0.87601,0.90892,0.67236,0.32906,0.46176,0.11695,0.000155252,0.000155252,0.000155252
115,7908.37,0.22673,0.40032,0.16959,0.85543,0.85794,0.91194,0.67093,0.33253,0.46211,0.11699,0.000154856,0.000154856,0.000154856
116,7976.75,0.23959,0.44828,0.17593,0.82471,0.89117,0.91218,0.66359,0.33998,0.49644,0.12824,0.00015446,0.00015446,0.00015446
117,8045.45,0.23354,0.4439,0.1711,0.84714,0.87989,0.91182,0.6615,0.33941,0.47992,0.12318,0.000154064,0.000154064,0.000154064
118,8113.69,0.22576,0.44803,0.16006,0.85099,0.89136,0.91535,0.6644,0.33624,0.47195,0.11751,0.000153668,0.000153668,0.000153668
119,8182.28,0.21533,0.42478,0.15977,0.87875,0.86908,0.90295,0.65249,0.33061,0.47476,0.11859,0.000153272,0.000153272,0.000153272
120,8250.39,0.2238,0.42265,0.16989,0.86171,0.86786,0.90174,0.66459,0.32068,0.46901,0.11342,0.000152876,0.000152876,0.000152876
121,8319.13,0.22948,0.41654,0.17123,0.86382,0.8663,0.89856,0.66067,0.32815,0.45877,0.11811,0.00015248,0.00015248,0.00015248
122,8387.52,0.23438,0.4269,0.16792,0.8337,0.91086,0.91529,0.66549,0.33428,0.49158,0.12466,0.000152084,0.000152084,0.000152084
123,8456.25,0.23542,0.42322,0.16347,0.8554,0.87465,0.92179,0.66811,0.33609,0.45879,0.1279,0.000151688,0.000151688,0.000151688
124,8524.59,0.22493,0.43717,0.16746,0.86589,0.85794,0.91075,0.66431,0.33611,0.47876,0.12601,0.000151292,0.000151292,0.000151292
125,8593.36,0.23909,0.42442,0.15954,0.82536,0.89415,0.91553,0.66944,0.34056,0.4826,0.12663,0.000150896,0.000150896,0.000150896
126,8661.66,0.22304,0.42325,0.1552,0.81431,0.89972,0.92328,0.67347,0.33619,0.49846,0.12447,0.0001505,0.0001505,0.0001505
127,8730.25,0.21893,0.43892,0.1564,0.85303,0.87306,0.91804,0.6715,0.33304,0.46339,0.12535,0.000150104,0.000150104,0.000150104
128,8798.57,0.22049,0.42347,0.17394,0.84205,0.88858,0.93191,0.68458,0.31917,0.4859,0.11197,0.000149708,0.000149708,0.000149708
129,8867.52,0.21863,0.41269,0.14826,0.85478,0.88538,0.91652,0.6745,0.32982,0.49613,0.11735,0.000149312,0.000149312,0.000149312
130,8935.87,0.22856,0.43734,0.16252,0.86188,0.86907,0.90438,0.65962,0.35805,0.49031,0.13445,0.000148916,0.000148916,0.000148916
131,9004.59,0.21392,0.43137,0.15219,0.86804,0.8612,0.90726,0.66718,0.33698,0.47079,0.12446,0.00014852,0.00014852,0.00014852
132,9072.83,0.21348,0.40898,0.16171,0.87822,0.89694,0.92656,0.68507,0.32973,0.43493,0.11747,0.000148124,0.000148124,0.000148124
133,9141.52,0.22574,0.41471,0.15141,0.87595,0.88022,0.91762,0.67409,0.34085,0.45697,0.12164,0.000147728,0.000147728,0.000147728
134,9209.77,0.21743,0.40001,0.15705,0.86338,0.8802,0.91615,0.66425,0.32457,0.47013,0.11084,0.000147332,0.000147332,0.000147332
135,9278.4,0.22484,0.40518,0.16369,0.85627,0.88301,0.91381,0.66961,0.3509,0.46155,0.1317,0.000146936,0.000146936,0.000146936
136,9346.67,0.21175,0.39522,0.1615,0.86286,0.87629,0.91982,0.66467,0.3368,0.46614,0.12376,0.00014654,0.00014654,0.00014654
137,9415.33,0.21444,0.38515,0.1523,0.86385,0.83066,0.89298,0.6497,0.35546,0.48487,0.13129,0.000146144,0.000146144,0.000146144
138,9483.52,0.22693,0.40929,0.16437,0.84645,0.87522,0.91795,0.67162,0.31567,0.45449,0.11242,0.000145748,0.000145748,0.000145748
139,9552.38,0.22035,0.42727,0.16469,0.87283,0.87947,0.91862,0.67789,0.32771,0.46461,0.11798,0.000145352,0.000145352,0.000145352
140,9620.8,0.2058,0.42997,0.14214,0.88068,0.87744,0.91059,0.66052,0.33858,0.45921,0.12425,0.000144956,0.000144956,0.000144956
141,9689.76,0.22333,0.41257,0.15607,0.87185,0.88022,0.91364,0.67074,0.33849,0.45921,0.1212,0.00014456,0.00014456,0.00014456
142,9758.44,0.21744,0.38953,0.157,0.85624,0.86268,0.90429,0.66227,0.35543,0.50309,0.13004,0.000144164,0.000144164,0.000144164
143,9827.58,0.21992,0.40926,0.16871,0.86374,0.88858,0.9227,0.67593,0.32923,0.43874,0.1173,0.000143768,0.000143768,0.000143768
144,9896.31,0.22057,0.41697,0.15968,0.85568,0.87531,0.90982,0.66928,0.32782,0.49115,0.12013,0.000143372,0.000143372,0.000143372
145,9965.41,0.22077,0.39194,0.16337,0.88327,0.85515,0.9005,0.65973,0.36032,0.48688,0.15052,0.000142976,0.000142976,0.000142976
146,10034.1,0.20673,0.41561,0.15732,0.90078,0.85984,0.91206,0.66602,0.32841,0.47854,0.12071,0.00014258,0.00014258,0.00014258
147,10103.2,0.21266,0.40959,0.15655,0.87,0.87613,0.92147,0.67411,0.32588,0.47236,0.11942,0.000142184,0.000142184,0.000142184
148,10171.8,0.21242,0.40507,0.15843,0.87952,0.83372,0.90435,0.66175,0.3516,0.45941,0.13316,0.000141788,0.000141788,0.000141788
149,10241,0.2126,0.39802,0.15632,0.86571,0.85794,0.92203,0.67857,0.32375,0.46738,0.11576,0.000141392,0.000141392,0.000141392
150,10309.5,0.21242,0.40975,0.15755,0.87014,0.87465,0.9189,0.6737,0.32939,0.47711,0.11274,0.000140996,0.000140996,0.000140996
151,10378.7,0.21491,0.38967,0.15707,0.87842,0.86908,0.90514,0.6576,0.33187,0.47483,0.12252,0.0001406,0.0001406,0.0001406
152,10447.4,0.20938,0.3919,0.14815,0.82492,0.90562,0.91809,0.66407,0.33546,0.45391,0.12149,0.000140204,0.000140204,0.000140204
153,10516.7,0.21329,0.41087,0.16414,0.87772,0.84958,0.91543,0.66885,0.32665,0.44994,0.11386,0.000139808,0.000139808,0.000139808
154,10585.4,0.22607,0.41642,0.1602,0.86805,0.88301,0.92746,0.67977,0.3219,0.45867,0.11745,0.000139412,0.000139412,0.000139412
155,10654.6,0.2156,0.39071,0.15931,0.88506,0.87744,0.93135,0.68134,0.32322,0.46136,0.11627,0.000139016,0.000139016,0.000139016
156,10723.5,0.19987,0.37881,0.15966,0.87192,0.87465,0.91068,0.657,0.33947,0.48277,0.12826,0.00013862,0.00013862,0.00013862
157,10792.7,0.21864,0.40236,0.15532,0.87495,0.87708,0.91172,0.65696,0.34148,0.45447,0.12162,0.000138224,0.000138224,0.000138224
158,10861.5,0.21712,0.4081,0.15634,0.85505,0.87744,0.91423,0.64133,0.36402,0.50469,0.13337,0.000137828,0.000137828,0.000137828
159,10930.5,0.20776,0.4029,0.15222,0.85864,0.88858,0.91857,0.66338,0.33834,0.4699,0.12248,0.000137432,0.000137432,0.000137432
160,10999.1,0.20679,0.37865,0.15189,0.85713,0.89415,0.92692,0.6711,0.32932,0.47623,0.11751,0.000137036,0.000137036,0.000137036
161,11068.3,0.22513,0.38654,0.16801,0.87933,0.87465,0.91797,0.66388,0.33186,0.4784,0.12281,0.00013664,0.00013664,0.00013664
162,11137.1,0.22237,0.40008,0.16021,0.86303,0.88858,0.92162,0.67761,0.32927,0.46183,0.12115,0.000136244,0.000136244,0.000136244
163,11206.3,0.20456,0.37621,0.16557,0.87158,0.88579,0.91815,0.68072,0.33685,0.4546,0.12296,0.000135848,0.000135848,0.000135848
164,11275.2,0.19312,0.38085,0.14178,0.8945,0.8502,0.9089,0.67789,0.32178,0.45394,0.11632,0.000135452,0.000135452,0.000135452
165,11344.3,0.20338,0.38619,0.14711,0.85852,0.89972,0.92557,0.67803,0.31974,0.4497,0.116,0.000135056,0.000135056,0.000135056
166,11412.7,0.21413,0.39419,0.15585,0.87155,0.88832,0.91746,0.67046,0.32355,0.45349,0.11617,0.00013466,0.00013466,0.00013466
167,11481.6,0.19528,0.38732,0.14518,0.87009,0.88022,0.91777,0.66723,0.33007,0.4708,0.12421,0.000134264,0.000134264,0.000134264
168,11550.1,0.21042,0.38068,0.15772,0.8573,0.87187,0.90435,0.66564,0.33735,0.45843,0.13047,0.000133868,0.000133868,0.000133868
169,11619.1,0.21289,0.39402,0.15558,0.8664,0.87744,0.91585,0.66667,0.33718,0.46302,0.12432,0.000133472,0.000133472,0.000133472
170,11687.9,0.21226,0.38363,0.16294,0.84749,0.88229,0.91302,0.66396,0.33243,0.45902,0.122,0.000133076,0.000133076,0.000133076
171,11757.2,0.20779,0.38515,0.15847,0.85865,0.87744,0.92001,0.67174,0.33345,0.46482,0.11897,0.00013268,0.00013268,0.00013268
172,11826,0.20416,0.37148,0.15142,0.8692,0.85794,0.92006,0.66996,0.33964,0.45956,0.12527,0.000132284,0.000132284,0.000132284
173,11894.9,0.21072,0.36422,0.15032,0.88052,0.86908,0.92183,0.67087,0.33138,0.46873,0.11928,0.000131888,0.000131888,0.000131888
174,11963.6,0.19971,0.36103,0.1486,0.87031,0.8663,0.91916,0.66277,0.33336,0.47608,0.11812,0.000131492,0.000131492,0.000131492
175,12032.7,0.20995,0.37973,0.15528,0.87001,0.87187,0.91782,0.67,0.32076,0.47379,0.11485,0.000131096,0.000131096,0.000131096
176,12101.5,0.2017,0.38016,0.14684,0.87173,0.85184,0.91533,0.66926,0.33064,0.4633,0.11778,0.0001307,0.0001307,0.0001307
177,12170.7,0.19536,0.37649,0.14715,0.87617,0.88688,0.92635,0.67465,0.32678,0.47207,0.11817,0.000130304,0.000130304,0.000130304
178,12239.3,0.19519,0.37302,0.15277,0.87275,0.89136,0.92303,0.6805,0.33774,0.45456,0.12458,0.000129908,0.000129908,0.000129908
179,12308.4,0.20173,0.37585,0.14525,0.89602,0.84401,0.91018,0.67004,0.33059,0.47378,0.12175,0.000129512,0.000129512,0.000129512
180,12377.2,0.20343,0.37289,0.14805,0.86308,0.85237,0.90274,0.65469,0.33668,0.48377,0.12196,0.000129116,0.000129116,0.000129116
181,12446.3,0.19305,0.37039,0.14166,0.88847,0.81616,0.89169,0.65652,0.33279,0.47456,0.11717,0.00012872,0.00012872,0.00012872
182,12515.1,0.2022,0.37127,0.14996,0.88524,0.87187,0.92223,0.67499,0.33723,0.45646,0.11869,0.000128324,0.000128324,0.000128324
183,12584,0.18463,0.36189,0.13446,0.87879,0.85515,0.91908,0.67007,0.33667,0.45353,0.12157,0.000127928,0.000127928,0.000127928
184,12652.6,0.20459,0.3454,0.1527,0.85132,0.89136,0.92373,0.67713,0.32293,0.44789,0.1145,0.000127532,0.000127532,0.000127532
185,12721.6,0.19866,0.37266,0.14706,0.86013,0.85647,0.90274,0.65884,0.32999,0.49067,0.12145,0.000127136,0.000127136,0.000127136
186,12790.1,0.19623,0.36141,0.14213,0.89181,0.84959,0.90648,0.66027,0.33715,0.49068,0.12414,0.00012674,0.00012674,0.00012674
187,12859.2,0.19849,0.37018,0.13883,0.88154,0.88301,0.92158,0.67253,0.34101,0.46903,0.12492,0.000126344,0.000126344,0.000126344
188,12927.9,0.19796,0.37652,0.14394,0.89713,0.87454,0.92762,0.67387,0.32299,0.45008,0.10935,0.000125948,0.000125948,0.000125948
189,12996.9,0.20144,0.37932,0.14427,0.89846,0.83803,0.90198,0.6599,0.335,0.46608,0.12517,0.000125552,0.000125552,0.000125552
190,13065.5,0.19548,0.36131,0.1451,0.85194,0.89758,0.92426,0.67,0.33111,0.4895,0.11916,0.000125156,0.000125156,0.000125156
191,13134.5,0.19933,0.3699,0.1477,0.85462,0.8663,0.91803,0.67424,0.32762,0.47125,0.11699,0.00012476,0.00012476,0.00012476
192,13202.9,0.18838,0.37781,0.14395,0.89495,0.85433,0.91734,0.67274,0.32088,0.46625,0.1113,0.000124364,0.000124364,0.000124364
193,13271.9,0.19305,0.38024,0.14008,0.88081,0.87744,0.91198,0.65941,0.33441,0.48195,0.11947,0.000123968,0.000123968,0.000123968
194,13340.5,0.19232,0.37775,0.14345,0.84344,0.88579,0.91208,0.66252,0.34211,0.46147,0.12467,0.000123572,0.000123572,0.000123572
195,13409.6,0.20415,0.40237,0.14764,0.857,0.88858,0.91388,0.66589,0.33249,0.47355,0.11981,0.000123176,0.000123176,0.000123176
196,13478.2,0.19428,0.36864,0.13899,0.88188,0.86072,0.91422,0.65804,0.3324,0.48322,0.11807,0.00012278,0.00012278,0.00012278
197,13547.3,0.20428,0.38054,0.16031,0.89666,0.86908,0.91659,0.66321,0.33407,0.45208,0.12173,0.000122384,0.000122384,0.000122384
198,13616,0.18159,0.36413,0.1322,0.86365,0.88217,0.91642,0.65297,0.33782,0.47368,0.12563,0.000121988,0.000121988,0.000121988
199,13685.1,0.19262,0.3625,0.1462,0.86266,0.8748,0.92071,0.66596,0.33986,0.45513,0.12274,0.000121592,0.000121592,0.000121592
200,13753.8,0.19202,0.35555,0.15277,0.87543,0.8809,0.91061,0.65695,0.3537,0.48417,0.12774,0.000121196,0.000121196,0.000121196
201,13822.8,0.1934,0.35053,0.14082,0.8715,0.86904,0.91601,0.66626,0.34087,0.46855,0.12206,0.0001208,0.0001208,0.0001208
202,13891.6,0.19343,0.3652,0.14449,0.87808,0.86261,0.91317,0.65745,0.3496,0.47593,0.1274,0.000120404,0.000120404,0.000120404
203,13960.8,0.20057,0.34747,0.13618,0.87264,0.87796,0.91448,0.66867,0.34105,0.46993,0.1254,0.000120008,0.000120008,0.000120008
